,SlNo,Employer,Job Title,Status,Location,Others
16,1,"24/7 Customer, Inc.",Data Scientist,Certified,"Campbell, California",LCA
17,2,"24/7 Customer, Inc.",Data Scientist,Certified,"Campbell, California",LCA
18,3,"24/7 Customer, Inc.",Data Scientist,Certified,"Campbell, California",LCA
19,4,"24/7 Customer, Inc.",Data Scientist,Certified,"Campbell, California",LCA
20,5,"2k Games, Inc.",Data Scientist,Certified,"Novato, California",LCA
21,6,A Medium Corporation,Data Scientist,Certified,"San Francisco, California",LCA
22,7,A Medium Corporation,Data Scientist,Certified,"San Francisco, California",LCA
23,8,"Ace Metrix, Inc.",Data Scientist,Certified,"El Segundo, California",LCA
25,9,"Activision Publishing, Inc.","Sr. Data Scientist, Business Intelligence",Certified,"Santa Monica, California",LCA
26,10,Adalitek Group Llc,Data Scientist 2,In Process,"Foster City, California",LCA
27,11,"Adecco Usa, Inc.",Data Scientist,Certified,"Mountain View, California",LCA
28,12,Adobe Systems Incorporated,"Behavioral Data Scientist, Marketing & Customer Insights",Certified,"San Jose, California",LCA
29,13,Adobe Systems Incorporated,Data Scientist,Certified,"San Jose, California",LCA
30,14,Adobe Systems Incorporated,Data Scientist,Certified,"San Jose, California",LCA
31,15,Adobe Systems Incorporated,Data Scientist,Certified,"San Jose, California",LCA
32,16,Adobe Systems Incorporated,Data Scientist,Certified,"San Jose, California",LCA
33,17,Adobe Systems Incorporated,Data Scientist,Certified,"Emeryville, California",LCA
34,18,Adobe Systems Incorporated,Data Scientist/ Data Scientist Engineer,Certified,"San Jose, California",LCA
35,19,Adobe Systems Incorporated,"Manager, Data Scientist",Certified,"San Jose, California",LCA
36,20,Adobe Systems Incorporated,"Sr. Data Scientist, Machine Learning Applications",Certified,"San Jose, California",LCA
37,21,Aella Data Inc.,Data Scientist,Certified,"Santa Clara, California",LCA
38,22,"Aetion, Inc.",Senior Data Scientist,Certified,"El Segundo, California",LCA
39,23,"Aetion, Inc.",Senior Data Scientist,Certified,"El Segundo, California",LCA
40,24,Aetna Resources Llc,Principal Data Scientist,Certified,"Sunnyvale, California",LCA
41,25,"Affinity Solutions, Inc",Data Scientist,Certified,"San Jose, California",LCA
16,26,"Affirm, Inc.",Data Scientist,Certified,"San Francisco, California",LCA
17,27,"Affirm, Inc.",Data Scientist,Certified,"San Francisco, California",LCA
18,28,"Agilone, Inc.",Data Scientist,Certified,"Sunnyvale, California",LCA
19,29,"Airbnb, Inc.",Data Scientist,Certified,"San Francisco, California",LCA
20,30,"Airbnb, Inc.",Data Scientist,Certified,"San Francisco, California",LCA
21,31,"Airbnb, Inc.",Data Scientist,Certified,"San Francisco, California",LCA
22,32,"Airbnb, Inc.",Data Scientist,Certified,"San Francisco, California",LCA
23,33,"Airbnb, Inc.",Data Scientist,Certified,"San Francisco, California",LCA
25,34,"Airbnb, Inc.",Data Scientist,Certified,"San Francisco, California",LCA
26,35,"Airbnb, Inc.",Data Scientist,Certified,"San Francisco, California",LCA
27,36,"Airbnb, Inc.",Data Scientist,Certified,"San Francisco, California",LCA
28,37,"Airbnb, Inc.",Data Scientist,Certified,"San Francisco, California",LCA
29,38,"Airbnb, Inc.",Data Scientist,Certified,"San Francisco, California",LCA
30,39,"Airbnb, Inc.",Data Scientist,Certified,"San Francisco, California",LCA
31,40,"Airbnb, Inc.",Data Scientist,Certified,"San Francisco, California",LCA
32,41,"Airbnb, Inc.",Data Scientist,Denied,"San Francisco, California",LCA
33,42,"Airbnb, Inc.",Data Scientist,Certified,"San Francisco, California",LCA
34,43,"Airbnb, Inc.",Data Scientist,Certified,"San Francisco, California",LCA
35,44,"Airbnb, Inc.",Data Scientist,Certified,"San Francisco, California",LCA
36,45,"Airbnb, Inc.",Data Scientist,Certified,"San Francisco, California",LCA
37,46,"Airbnb, Inc.",Data Scientist,Certified,"San Francisco, California",LCA
38,47,"Airbnb, Inc.",Data Scientist,Certified,"San Francisco, California",LCA
39,48,"Airbnb, Inc.",Data Scientist,Certified,"San Francisco, California",LCA
40,49,"Airbnb, Inc.",Data Scientist,Certified,"San Francisco, California",LCA
41,50,"Airbnb, Inc.",Data Scientist,Certified,"San Francisco, California",LCA
16,51,"Airbnb, Inc.",Data Scientist Algorithms,Certified,"San Francisco, California",LCA
17,52,"Airbnb, Inc.",Data Scientist Inference,Certified,"San Francisco, California",LCA
18,53,"Airbnb, Inc.",Data Scientist Inference,Certified,"San Francisco, California",LCA
19,54,"Airbnb, Inc.",Data Scientist Payments And Monetization,Certified,"San Francisco, California",LCA
20,55,"Airbnb, Inc.",Data Scientist Risk,Certified,"San Francisco, California",LCA
21,56,"Airbnb, Inc.",Data Scientists,Certified,"San Francisco, California",LCA
22,57,Aki Technologies,Senior Data Scientist,Certified,"San Francisco, California",LCA
23,58,Akido Labs Inc.,Data Scientist,Certified,"Los Angeles, California",LCA
25,59,Alorica Inc.,Data Scientist,Certified,"Irvine, California",LCA
26,60,Amazon Corporate Llc,Data Scientist,In Process,"Sunnyvale, California",LCA
27,61,"Amazon Fulfillment Services, Inc.",Data Scientist,Certified,"Sunnyvale, California",LCA
28,62,"Amazon Fulfillment Services, Inc.",Data Scientist,Certified,"Sunnyvale, California",LCA
29,63,"Amazon Fulfillment Services, Inc.",Data Scientist,Certified,"Sunnyvale, California",LCA
30,64,Amazon Web Services Inc.,Data Scientist,Certified,"Palo Alto, California",LCA
31,65,"Amazon Web Services, Inc.",Data Scientist,Certified,"Palo Alto, California",LCA
32,66,"Amazon Web Services, Inc.",Data Scientist,Certified,"Sunnyvale, California",LCA
33,67,"Analytic Mix, Inc.",Data Scientist,In Process,"Cupertino, California",LCA
34,68,Anaplan Inc.,Customer Intelligence - Data Scientist,Certified,"San Francisco, California",LCA
35,69,"Ancestry.com Dna, Llc",Genomics Data Scientist,Certified,"San Francisco, California",LCA
36,70,"Ancestry.com Operations, Inc.",Data Scientist,Certified,"San Francisco, California",LCA
37,71,"Ancestry.com Operations, Inc.",Data Scientist,Certified,"San Francisco, California",LCA
38,72,Antsquare Inc.,Data Scientist,Certified,"San Jose, California",LCA
39,73,Aol Advertising Inc.,Data Scientist,Certified,"Los Angeles, California",LCA
40,74,Aol Advertising Inc.,Data Scientist,Certified,"Los Angeles, California",LCA
41,75,Aol Advertising Inc.,Data Scientist,Certified,"Palo Alto, California",LCA
16,76,"Apixio, Inc.",Senior Data Scientist,Certified,"San Mateo, California",LCA
17,77,Apple Inc.,Data Scientist,Certified,"Cupertino, California",LCA
18,78,Apple Inc.,Data Scientist,Certified,"Cupertino, California",LCA
19,79,Apple Inc.,Data Scientist,Certified,"Cupertino, California",LCA
20,80,Apple Inc.,Data Scientist,In Process,"Cupertino, California",LCA
21,81,Apple Inc.,Data Scientist,Certified,"Cupertino, California",LCA
22,82,Apple Inc.,Data Scientist,Certified,"Cupertino, California",LCA
23,83,Apple Inc.,Data Scientist,Certified,"Cupertino, California",LCA
25,84,Apple Inc.,Data Scientist,Certified,"Cupertino, California",LCA
26,85,Apple Inc.,Data Scientist - Apple Media Products,Certified,"Cupertino, California",LCA
27,86,Apple Inc.,Data Scientist 3,In Process,"Cupertino, California",LCA
28,87,Apple Inc.,Data Scientist 4,Certified,"Cupertino, California",LCA
29,88,Applied Data Finance Llc,Data Scientist,Certified,"San Diego, California",LCA
30,89,"Applied Materials, Inc.",Data Scientist,Certified,"Santa Clara, California",LCA
31,90,Appzen Inc,Data Scientist,Certified,"Sunnyvale, California",LCA
32,91,"Arimo, Inc.",Data Scientist,Certified,"Mountain View, California",LCA
33,92,"Arimo, Llc",Data Scientist,Certified,"Mountain View, California",LCA
34,93,"Arimo, Llc",Data Scientist,Certified,"Mountain View, California",LCA
35,94,"Asurion, Llc",Associate Data Scientist,Certified,"San Mateo, California",LCA
36,95,"Asurion, Llc",Data Scientist,Certified,"San Mateo, California",LCA
37,96,"At&t Services, Inc.",Senior Data Scientist,Certified,"Palo Alto, California",LCA
38,97,"At&t Services, Inc.",Senior Specialist Data Scientist,Certified,"San Francisco, California",LCA
39,98,"Atlassian, Inc.",Senior Data Scientist,Certified,"Mountain View, California",LCA
40,99,"Autodesk, Inc.",Data Scientist,Certified,"San Francisco, California",LCA
41,100,"Autodesk, Inc.",Data Scientist,Denied,"San Francisco, California",LCA
16,101,"Autodesk, Inc.",Data Scientist,Certified,"San Francisco, California",LCA
17,102,"Autodesk, Inc.",Financial Data Scientist/analyst,Certified,"San Francisco, California",LCA
18,103,"Autogrid Systems, Inc.",Data Scientist,Certified,"Redwood City, California",LCA
19,104,"Autogrid Systems, Inc.",Senior Data Scientist,Withdrawn,"Redwood City, California",LCA
20,105,"Autotrader.com, Inc.",Senior Data Scientist,Certified,"Irvine, California",LCA
21,106,"Banjo, Inc.",Data Scientist,Certified,"Redwood City, California",LCA
22,107,Bill.com,Senior Data Scientist - Risk Management,Certified,"Palo Alto, California",LCA
23,108,"Bizcraft Consulting, Llc",Data Scientist,Certified,"San Francisco, California",LCA
25,109,"Blizzard Entertainment, Inc.",Associate Data Scientist,Certified,"Irvine, California",LCA
26,110,"Blizzard Entertainment, Inc.",Senior Data Scientist,Certified,"Irvine, California",LCA
27,111,"Blizzard Entertainment, Inc.",Senior Data Scientist,Certified,"Irvine, California",LCA
28,112,"Blizzard Entertainment, Inc.",Senior Data Scientist,Certified,"Irvine, California",LCA
29,113,Bold North America Llc,Data Scientist,Certified,"San Francisco, California",LCA
30,114,"Bot Home Automation, Inc.",Data Scientist,Certified,"Santa Monica, California",LCA
31,115,"Branch Metrics, Inc.",Data Scientist,Certified,"Redwood City, California",LCA
32,116,"Bridg, Inc.",Data Scientist,Withdrawn,"Los Angeles, California",LCA
33,117,"Brightedge Technologies, Inc.",Data Scientist,Certified,"Foster City, California",LCA
34,118,Buddyhopp Inc.,Data Scientist,Certified,"Santa Monica, California",LCA
35,119,"Butler, Shine, Stern & Partners, Llc",Data Scientist,Certified,"Sausalito, California",LCA
36,120,"C3, Inc.",Data Scientist,In Process,"Redwood City, California",LCA
37,121,"C3, Inc.",Data Scientist,Certified,"Redwood City, California",LCA
38,122,"C3, Inc.",Data Scientist,Certified,"Redwood City, California",LCA
39,123,"C3, Inc.",Data Scientist,Certified,"Redwood City, California",LCA
40,124,"C3, Inc.",Principal Data Scientist,Certified,"Redwood City, California",LCA
41,125,"Ca, Inc.",Data Scientist,Certified,"San Diego, California",LCA
16,126,"Ca, Inc.",Data Scientist,Certified,"San Diego, California",LCA
17,127,"Ca, Inc.",Data Scientist,Certified,"San Diego, California",LCA
18,128,California Institute Of Technology/jet Propulsion Laboratory,Data Scientist,Certified,"Pasadena, California",LCA
19,129,California Institute Of Technology/jet Propulsion Laboratory,Data Scientist Ii,Certified,"Pasadena, California",LCA
20,130,California Institute Of Technology/jet Propulsion Laboratory,Data Scientist/15-111 Computer & Information Rsrch Scientist,Certified,"Pasadena, California",LCA
21,131,California Institute Of Technology/jet Propulsion Laboratory,Data Scientist/17-2011 Aerospace Engineer,Certified,"Pasadena, California",LCA
22,132,"Callinize, Inc",Data Scientist,Certified,"San Francisco, California",LCA
23,133,"Capital One Services, Llc",Principal Data Scientist,Certified,"San Francisco, California",LCA
25,134,Chan Zuckerberg Initiative Llc,"Data Scientist, Meta",Certified,"Palo Alto, California",LCA
26,135,Chan Zuckerberg Initiative Llc,"Data Scientist, Meta",Certified,"Palo Alto, California",LCA
27,136,"Chartboost, Inc.",Data Scientist,Certified,"San Francisco, California",LCA
28,137,Chegg Inc.,Senior Data Scientist,Certified,"San Francisco, California",LCA
29,138,Chegg Inc.,Senior Data Scientist,Certified,"Santa Clara, California",LCA
30,139,"Chegg, Inc.",Senior Data Scientist,Certified,"Santa Clara, California",LCA
31,140,Chobanian Group Llc,Data Scientist,Certified,"San Jose, California",LCA
32,141,Circle Internet Financial Inc.,Data Scientist,Certified,"San Francisco, California",LCA
33,142,"Circle Up Network, Inc.",Senior Data Scientist,In Process,"San Francisco, California",LCA
34,143,"Circle Up Network, Inc.",Senior Data Scientist,In Process,"San Francisco, California",LCA
35,144,"Circle Up Network, Inc.",Senior Data Scientist,In Process,"San Francisco, California",LCA
36,145,"Cisco Systems, Inc.",Data Scientist,Certified,"San Jose, California",LCA
37,146,"Cisco Systems, Inc.",Data Scientist,Certified,"San Jose, California",LCA
38,147,Citilabs Inc.,Data Scientist,Certified,"Sacramento, California",LCA
39,148,"Clari, Inc.",Data Scientist,Certified,"Sunnyvale, California",LCA
40,149,Clarivate Analytics (us) Llc,Principal Data Scientist,Certified,"San Francisco, California",LCA
41,150,"Clearaccessip, Inc.",Resident Data Scientist,Certified,"Palo Alto, California",LCA
16,151,"Cloudcar, Inc.",Data Scientist,Certified,"Santa Clara, California",LCA
17,152,"Cloudcar, Inc.",Data Scientist,Certified,"East Palo Alto, California",LCA
18,153,"Clover Health Labs, Llc",Data Scientist,Certified,"San Francisco, California",LCA
19,154,"Cogitativo, Inc",Data Scientist,Certified,"Berkeley, California",LCA
20,155,"Comcast Cable Communications, Llc",Data Scientist/research Technologist,Certified,"Sunnyvale, California",LCA
21,156,Contextlogic Inc.,Data Scientist,Certified,"San Francisco, California",LCA
22,157,Contextlogic Inc.,Data Scientist,Certified,"San Francisco, California",LCA
23,158,Contextlogic Inc.,Data Scientist,Certified,"San Francisco, California",LCA
25,159,Contextlogic Inc.,Data Scientist,In Process,"San Francisco, California",LCA
26,160,Contextlogic Inc.,Data Scientist,Certified,"San Francisco, California",LCA
27,161,Conversion Logic,Data Scientist,Certified,"Los Angeles, California",LCA
28,162,"Conviva, Inc.",Data Scientist,Certified,"Foster City, California",LCA
29,163,"Conviva, Inc.",Data Scientist,In Process,"Foster City, California",LCA
30,164,"Conviva, Inc.",Data Scientist,Certified,"Foster City, California",LCA
31,165,"Countertack, Inc",Cybersecurity Data Scientist,Certified,"Santa Monica, California",LCA
32,166,Coupang Global Llc,Data Scientist,Certified,"Mountain View, California",LCA
33,167,Coursera Inc.,Data Scientist,Certified,"Mountain View, California",LCA
34,168,Coursera Inc.,Data Scientist,Certified,"Mountain View, California",LCA
35,169,Coursera Inc.,Data Scientist,Certified,"Mountain View, California",LCA
36,170,"Credit Karma, Inc.",Data Scientist,Certified,"San Francisco, California",LCA
37,171,"Credit Karma, Inc.","Senior Data Scientist, Analytics",Certified,"San Francisco, California",LCA
38,172,Crf Technology Corporation,Data Scientist,Certified,"Mountain View, California",LCA
39,173,Criteo Corp,Data Scientist,Certified,"Palo Alto, California",LCA
40,174,"Crixlabs, Inc.",Data Scientist,Withdrawn,"San Francisco, California",LCA
41,175,"Crixlabs, Inc.",Data Scientist,Certified,"San Francisco, California",LCA
16,176,Csaa Insurance Services Inc.,Data Scientist,Certified,"Walnut Creek, California",LCA
17,177,"Cylance, Inc",Data Scientist-staff,Certified,"Irvine, California",LCA
18,178,"Cylance, Inc",Data Scientist-staff,Certified,"Irvine, California",LCA
19,179,"Data Rpm Corporation, Usa",Data Scientist,Certified,"Redwood City, California",LCA
20,180,"Data Rpm Corporation, Usa",Data Scientist,Certified,"Redwood City, California",LCA
21,181,Databricks Inc.,Data Scientist,Certified,"San Francisco, California",LCA
22,182,Databricks Inc.,Data Scientist,Certified,"San Francisco, California",LCA
23,183,Databricks Inc.,Data Scientist,Certified,"San Francisco, California",LCA
25,184,Databricks Inc.,Data Scientist,Certified,"San Francisco, California",LCA
26,185,"Datavisor, Inc.","Solution Data Scientist, Banking & Finance",Certified,"Mountain View, California",LCA
27,186,"Deep Vision, Inc",Computer Vision Data Scientist,Certified,"Palo Alto, California",LCA
28,187,"Deserve, Inc.",Senior Data Scientist,Certified,"Menlo Park, California",LCA
29,188,"Devrabbit It Solutions, Inc",Data Scientist,Certified,"Dublin, California",LCA
30,189,"Doximity, Inc.",Data Scientist,Certified,"San Francisco, California",LCA
31,190,"Driven Brands Shared Services, Llc",Data Scientist,Certified,"Benicia, California",LCA
32,191,"Driver, Inc.",Data Scientist,Certified,"San Francisco, California",LCA
33,192,"Driver, Inc.",Data Scientist,Certified,"San Francisco, California",LCA
34,193,"Dropbox, Inc.",Data Scientist,Certified,"San Francisco, California",LCA
35,194,"Dropbox, Inc.",Data Scientist,Certified,"San Francisco, California",LCA
36,195,"Dropbox, Inc.",Data Scientist,Certified,"San Francisco, California",LCA
37,196,"Dtex Systems, Inc.",Data Scientist Engineer,Certified,"San Jose, California",LCA
38,197,E. & J. Gallo Winery,Data Scientist,Certified,"Modesto, California",LCA
39,198,Earnest Inc.,Data Scientist,Certified,"San Francisco, California",LCA
40,199,Ebay Inc.,Applied Researcher/data Scientist,Certified,"San Jose, California",LCA
41,200,Ebay Inc.,Data Scientist,Certified,"San Jose, California",LCA
16,201,Ebay Inc.,Data Scientist,Certified,"San Jose, California",LCA
17,202,Ebay Inc.,Data Scientist,Certified,"Brisbane, California",LCA
18,203,Ebay Inc.,Data Scientist 1,Certified,"San Jose, California",LCA
19,204,Ebay Inc.,Data Scientist 1,Certified,"San Jose, California",LCA
20,205,Ebay Inc.,Data Scientist 1,Certified,"San Jose, California",LCA
21,206,Ebay Inc.,Data Scientist 1,Certified,"San Jose, California",LCA
22,207,Ebay Inc.,Data Scientist 1,Certified,"San Jose, California",LCA
23,208,Ebay Inc.,Data Scientist 1,Certified,"San Jose, California",LCA
25,209,Ebay Inc.,Data Scientist 1,Certified,"San Jose, California",LCA
26,210,Ebay Inc.,Data Scientist 1,Certified,"San Jose, California",LCA
27,211,Ebay Inc.,Data Scientist 1,Certified,"San Jose, California",LCA
28,212,Ebay Inc.,Data Scientist 2,Certified,"San Jose, California",LCA
29,213,Ebay Inc.,Data Scientist 2,Certified,"San Jose, California",LCA
30,214,Ebay Inc.,Data Scientist 2,Certified,"San Jose, California",LCA
31,215,Ebay Inc.,Data Scientist 3,Certified,"San Jose, California",LCA
32,216,"Egnyte, Inc.",Senior Data Scientist,Certified,"Mountain View, California",LCA
33,217,"Electronic Arts, Inc.",Data Scientist,Certified,"Redwood City, California",LCA
34,218,"Electronic Arts, Inc.",Data Scientist,Certified,"Redwood City, California",LCA
35,219,"Electronic Arts, Inc.",Research Data Scientist,Certified,"Redwood City, California",LCA
36,220,"Elementum Scm, Inc.",Data Scientist,Certified,"Mountain View, California",LCA
37,221,"Elementum Scm, Inc.",Senior Data Scientist,Certified,"Mountain View, California",LCA
38,222,"Elevate Credit Service, Llc",Data Scientist Ii,Certified,"San Diego, California",LCA
39,223,"Elevate Credit Service, Llc",Senior Data Scientist,Certified,"San Diego, California",LCA
40,224,"Elevate Credit Service, Llc",Senior Data Scientist - Modeler,Certified,"Solana Beach, California",LCA
41,225,"Entelo, Inc.",Data Scientist,In Process,"San Francisco, California",LCA
16,226,"Entertainment Data Oracle, Inc.",Senior Data Scientist (operations Research Analyst,Certified,"San Francisco, California",LCA
17,227,"Erp Cloud Technologies, Llc",Data Scientist,Certified,"Sunnyvale, California",LCA
18,228,"Erp Cloud Technologies, Llc",Data Scientist,Certified,"Sunnyvale, California",LCA
19,229,"Erp Global, Inc.",System Data Scientist,Certified,"Cupertino, California",LCA
20,230,"Esurance Insurance Services, Inc.",Retention Data Scientist,Certified,"San Francisco, California",LCA
21,231,"Euclid, Inc.",Data Scientist,Certified,"San Francisco, California",LCA
22,232,Evernote Corporation,Data Scientist,Certified,"Redwood City, California",LCA
23,233,"Exabeam, Inc.",Data Scientist,Certified,"San Mateo, California",LCA
25,234,"Exabeam, Inc.",Data Scientist,Certified,"San Mateo, California",LCA
26,235,"Experian Information Solutions, Inc.",Data Scientist,Certified,"San Diego, California",LCA
27,236,"Ezoic, Inc",Data Scientist,Certified,"Carlsbad, California",LCA
28,237,"Facebook, Inc.",Core Data Scientist,Certified,"Menlo Park, California",LCA
29,238,"Facebook, Inc.",Core Data Scientist,Certified,"Menlo Park, California",LCA
30,239,"Facebook, Inc.",Core Data Scientist,Certified,"Menlo Park, California",LCA
31,240,"Facebook, Inc.",Core Data Scientist,Certified,"Menlo Park, California",LCA
32,241,"Facebook, Inc.",Data Scientist,Certified,"Menlo Park, California",LCA
33,242,"Facebook, Inc.",Data Scientist,Certified,"Menlo Park, California",LCA
34,243,"Facebook, Inc.",Data Scientist,Certified,"Menlo Park, California",LCA
35,244,"Facebook, Inc.",Data Scientist,Certified,"Menlo Park, California",LCA
36,245,"Facebook, Inc.",Data Scientist,Certified,"Menlo Park, California",LCA
37,246,"Facebook, Inc.",Data Scientist,Certified,"Menlo Park, California",LCA
38,247,"Facebook, Inc.",Data Scientist,Certified,"Menlo Park, California",LCA
39,248,"Facebook, Inc.",Data Scientist,Certified,"Menlo Park, California",LCA
40,249,"Facebook, Inc.",Data Scientist,Certified,"Menlo Park, California",LCA
41,250,"Facebook, Inc.",Data Scientist,Certified,"Menlo Park, California",LCA
16,251,"Facebook, Inc.",Data Scientist,Certified,"Menlo Park, California",LCA
17,252,"Facebook, Inc.",Data Scientist,Certified-withdrawn,"Menlo Park, California",LCA
18,253,"Facebook, Inc.",Data Scientist,Certified,"Menlo Park, California",LCA
19,254,"Facebook, Inc.",Data Scientist,Certified,"Menlo Park, California",LCA
20,255,"Facebook, Inc.",Data Scientist,Certified,"Menlo Park, California",LCA
21,256,"Facebook, Inc.",Data Scientist,Certified,"Menlo Park, California",LCA
22,257,"Facebook, Inc.",Data Scientist,Certified,"Menlo Park, California",LCA
23,258,"Facebook, Inc.",Data Scientist,Certified,"Menlo Park, California",LCA
25,259,"Facebook, Inc.",Data Scientist,Pending Co Decision - Unassigned,"Menlo Park, California",LCA
26,260,"Facebook, Inc.",Data Scientist,Certified - Mail Not Sent,"Menlo Park, California",LCA
27,261,"Facebook, Inc.",Data Scientist,Certified-withdrawn,"Menlo Park, California",LCA
28,262,"Facebook, Inc.",Data Scientist,Certified,"Menlo Park, California",LCA
29,263,"Facebook, Inc.",Data Scientist,Certified,"Menlo Park, California",LCA
30,264,"Facebook, Inc.",Data Scientist,Certified,"Menlo Park, California",LCA
31,265,"Facebook, Inc.",Data Scientist,Certified,"Menlo Park, California",LCA
32,266,"Facebook, Inc.",Data Scientist,Certified,"Menlo Park, California",LCA
33,267,"Facebook, Inc.",Data Scientist,Certified,"Menlo Park, California",LCA
34,268,"Facebook, Inc.",Data Scientist,Certified,"Menlo Park, California",LCA
35,269,"Facebook, Inc.",Data Scientist,Certified,"Menlo Park, California",LCA
36,270,"Facebook, Inc.",Data Scientist,Certified,"Menlo Park, California",LCA
37,271,"Facebook, Inc.",Data Scientist,Certified,"Menlo Park, California",LCA
38,272,"Facebook, Inc.",Data Scientist,Certified,"Menlo Park, California",LCA
39,273,"Facebook, Inc.",Data Scientist,Certified,"Menlo Park, California",LCA
40,274,"Facebook, Inc.",Data Scientist,Certified,"Menlo Park, California",LCA
41,275,"Facebook, Inc.",Data Scientist,Certified,"Menlo Park, California",LCA
16,276,"Facebook, Inc.",Data Scientist,Certified,"Menlo Park, California",LCA
17,277,"Facebook, Inc.",Data Scientist,Certified,"Menlo Park, California",LCA
18,278,"Facebook, Inc.",Data Scientist,Certified,"Menlo Park, California",LCA
19,279,"Facebook, Inc.",Data Scientist,Certified,"Menlo Park, California",LCA
20,280,"Facebook, Inc.",Data Scientist,Certified,"Menlo Park, California",LCA
21,281,"Facebook, Inc.",Data Scientist,Certified,"Menlo Park, California",LCA
22,282,"Facebook, Inc.",Data Scientist,Certified,"Menlo Park, California",LCA
23,283,"Facebook, Inc.",Data Scientist,Certified,"Menlo Park, California",LCA
25,284,"Facebook, Inc.",Data Scientist,Certified,"Menlo Park, California",LCA
26,285,"Facebook, Inc.",Data Scientist,Certified,"Menlo Park, California",LCA
27,286,"Facebook, Inc.",Data Scientist,Certified - Mail Not Sent,"Menlo Park, California",LCA
28,287,"Facebook, Inc.",Data Scientist,Certified,"Menlo Park, California",LCA
29,288,"Facebook, Inc.",Data Scientist,Certified,"Menlo Park, California",LCA
30,289,"Facebook, Inc.",Data Scientist,Certified,"Menlo Park, California",LCA
31,290,"Facebook, Inc.",Data Scientist,Certified,"Menlo Park, California",LCA
32,291,"Facebook, Inc.",Data Scientist,Certified,"Menlo Park, California",LCA
33,292,"Facebook, Inc.",Data Scientist,Certified,"Menlo Park, California",LCA
34,293,"Facebook, Inc.",Data Scientist,Certified,"Menlo Park, California",LCA
35,294,"Facebook, Inc.",Data Scientist,Certified - Mail Not Sent,"Menlo Park, California",LCA
36,295,"Facebook, Inc.",Data Scientist,Certified,"Menlo Park, California",LCA
37,296,"Facebook, Inc.",Data Scientist,Certified,"Menlo Park, California",LCA
38,297,"Facebook, Inc.",Data Scientist,Certified,"Menlo Park, California",LCA
39,298,"Facebook, Inc.",Data Scientist,Certified,"Menlo Park, California",LCA
40,299,"Facebook, Inc.",Data Scientist,Certified,"Menlo Park, California",LCA
41,300,"Facebook, Inc.",Data Scientist Manager,Analyst Review - Unassigned,"Menlo Park, California",LCA
16,301,"Facebook, Inc.","Data Scientist, Analytics",Certified,"Menlo Park, California",LCA
17,302,"Facebook, Inc.","Data Scientist, Analytics",Certified,"Menlo Park, California",LCA
18,303,"Facebook, Inc.","Data Scientist, Data Center",Certified,"Menlo Park, California",LCA
19,304,"Facebook, Inc.","Data Scientist, Product Analytics",Certified,"Menlo Park, California",LCA
20,305,"Facebook, Inc.","Data Scientist, Product Analytics",Certified,"Menlo Park, California",LCA
21,306,"Facebook, Inc.","Data Scientist, Product Analytics",Certified,"Menlo Park, California",LCA
22,307,"Facebook, Inc.","Data Scientist, Product Analytics",Certified,"Menlo Park, California",LCA
23,308,"Facebook, Inc.",Infrastracture Data Scientist,Certified,"Menlo Park, California",LCA
25,309,"Facebook, Inc.",Infrastructure Data Scientist,Certified,"Menlo Park, California",LCA
26,310,"Facebook, Inc.",Infrastructure Data Scientist,Certified,"Menlo Park, California",LCA
27,311,"Facebook, Inc.",Infrastructure Data Scientist,Certified,"Menlo Park, California",LCA
28,312,"Facebook, Inc.",Infrastructure Data Scientist,Withdrawn,"Menlo Park, California",LCA
29,313,"Facebook, Inc.",Infrastructure Data Scientist,Certified,"Menlo Park, California",LCA
30,314,"Facebook, Inc.","Lead Data Scientist, Data Center",Certified,"Menlo Park, California",LCA
31,315,"Fanatics Retail Group Fulfillment, Inc.",Data Scientist,Certified,"San Mateo, California",LCA
32,316,"Fandango Media, Llc",Principal Data Scientist (o*net 15.1199.08),Certified,"Beverly Hills, California",LCA
33,317,"Farmer's Business Network, Inc.",Data Scientist,Certified,"San Carlos, California",LCA
34,318,"Farmer's Business Network, Inc.",Data Scientist,Certified,"San Carlos, California",LCA
35,319,Farmers Insurance Exchange,Enterprise Data Scientist Ii,Certified,"Woodland Hills, California",LCA
36,320,Financial Technology Partners Lp,Data Scientist,Certified,"San Francisco, California",LCA
37,321,"Fishermen Labs, Llc.",Data Scientist,Certified,"Los Angeles, California",LCA
38,322,"Fishermen Labs, Llc.",Data Scientist,Certified,"Los Angeles, California",LCA
39,323,Flowcast Inc.,Data Scientist,Denied,"San Francisco, California",LCA
40,324,"Flyr, Inc.",Data Scientist,Certified,"San Francisco, California",LCA
41,325,"Flyr, Inc.",Data Scientist,In Process,"San Francisco, California",LCA
16,326,"Flyr, Inc.",Data Scientist,Certified,"San Francisco, California",LCA
17,327,"Fresno Unlimited, Inc.",Data Scientist,In Process,"Santa Monica, California",LCA
18,328,"Fusionops, Inc.",Data Scientist,Certified,"Mountain View, California",LCA
19,329,"Fusionops, Inc.",Data Scientist,Certified,"Mountain View, California",LCA
20,330,Gameloft Inc.,Senior Data Scientist,Certified,"San Francisco, California",LCA
21,331,Gameloft Inc.,Senior Data Scientist,Withdrawn,"San Francisco, California",LCA
22,332,General Electric Company,Senior Data Scientist,Certified,"San Francisco, California",LCA
23,333,General Electric Company,Senior Data Scientist,Certified,"San Ramon, California",LCA
25,334,General Electric Company,Senior Data Scientist,Certified,"San Ramon, California",LCA
26,335,General Electric Company,Senior Data Scientist,Certified,"San Ramon, California",LCA
27,336,General Electric Company,Senior Data Scientist,Certified,"San Ramon, California",LCA
28,337,General Electric Company,Staff Data Scientist,Certified,"San Ramon, California",LCA
29,338,General Electric Company,Staff Data Scientist,Certified,"San Ramon, California",LCA
30,339,General Electric Company,Staff Data Scientist,Certified,"San Ramon, California",LCA
31,340,General Electric Company,Staff Data Scientist,Certified,"San Ramon, California",LCA
32,341,"Genscape, Inc.",Senior Data Scientist,Certified,"San Francisco, California",LCA
33,342,"Glassdoor, Inc.",Data Scientist,Certified,"San Francisco, California",LCA
34,343,"Glassdoor, Inc.",Data Scientist,Certified,"Mill Valley, California",LCA
35,344,Glaxosmithkline Llc,Data Scientist,Certified,"San Francisco, California",LCA
36,345,Glaxosmithkline Llc,Data Scientist,Certified,"San Francisco, California",LCA
37,346,"Globant, Llc",Data Scientist,Certified,"San Francisco, California",LCA
38,347,Gm Cruise Llc,Senior Data Scientist,Certified,"San Francisco, California",LCA
39,348,"Godaddy.com, Llc",Data Scientist,Certified,"Sunnyvale, California",LCA
40,349,"Godaddy.com, Llc",Data Scientist,Certified,"Sunnyvale, California",LCA
41,350,"Godaddy.com, Llc",Data Scientist,Certified,"Sunnyvale, California",LCA
16,351,Gofundme Inc,Data Scientist,Withdrawn,"Redwood City, California",LCA
17,352,Gofundme Inc,Data Scientist,Certified,"Redwood City, California",LCA
18,353,Google Capital Management Company Llc,Data Scientist 1615.10915,Certified,"San Francisco, California",LCA
19,354,Google Inc.,Data Scientist 1615.32537,Certified,"Mountain View, California",LCA
20,355,Google Llc,Data Scientist (1615.37066),Certified,"Mountain View, California",LCA
21,356,Google Llc,Data Scientist 1615.30387,Certified,"Mountain View, California",LCA
22,357,Google Llc,Data Scientist 1615.31355,Certified,"Mountain View, California",LCA
23,358,Google Llc,Data Scientist 1615.34561,Certified,"Mountain View, California",LCA
25,359,Google Llc,Data Scientist 1615.36969,Certified,"Mountain View, California",LCA
26,360,Google Llc,Data Scientist 1615.37046,Certified,"Mountain View, California",LCA
27,361,Google Llc,Data Scientist(1615.34678),Certified,"Sunnyvale, California",LCA
28,362,Gosvea Inc,Data Scientist,Certified,"San Jose, California",LCA
29,363,Grand Rounds Inc.,Data Scientist,Withdrawn,"San Francisco, California",LCA
30,364,Grand Rounds Inc.,Data Scientist,Certified,"San Francisco, California",LCA
31,365,Grandata Usa Inc.,Data Scientist,Certified,"San Francisco, California",LCA
32,366,Greenwave Reality Inc.,Data Scientist,Certified,"Sacramento, California",LCA
33,367,"Groupon, Inc.",Data Scientist,Certified,"Palo Alto, California",LCA
34,368,"Groupon, Inc.",Data Scientist,Certified,"Palo Alto, California",LCA
35,369,"Groupon, Inc.",Data Scientist Ii,Certified,"Palo Alto, California",LCA
36,370,"Groupon, Inc.",Data Scientist Ii,Certified,"Palo Alto, California",LCA
37,371,"Groupon, Inc.",Data Scientist Ii,Certified,"Palo Alto, California",LCA
38,372,"Groupon, Inc.",Senior Data Scientist,Certified,"Palo Alto, California",LCA
39,373,Grove Collaborative Inc.,Data Scientist,Certified,"San Francisco, California",LCA
40,374,"Guardant Health, Inc.",Bioinformatics Data Scientist,Certified,"Redwood City, California",LCA
41,375,Gumgum Inc.,Data Scientist,Certified,"Santa Monica, California",LCA
16,376,"H2o.ai, Inc.",Security And Customer Data Scientist,Certified,"Mountain View, California",LCA
17,377,Halo Tech Corp.,Data Scientist (statistician),Certified,"Menlo Park, California",LCA
18,378,"Hart, Inc.",Data Scientist,Certified,"Anaheim, California",LCA
19,379,"Healthcare Business Intelligence Solutions, Inc.",Data Scientist,Certified,"Palo Alto, California",LCA
20,380,Hg Data Company,Data Scientist,Certified,"Santa Barbara, California",LCA
21,381,"Hired, Inc.",Data Scientist,Certified,"San Francisco, California",LCA
22,382,"Hotel Tonight, Inc.",Sr. Data Scientist,In Process,"San Francisco, California",LCA
23,383,"Hotwire, Inc.",Data Scientist,Certified,"San Francisco, California",LCA
25,384,"Hotwire, Inc.",Data Scientist,Certified,"San Francisco, California",LCA
26,385,"Hotwire, Inc.",Data Scientist,Certified,"San Francisco, California",LCA
27,386,"Houzz, Inc.",Data Scientist,Certified,"Palo Alto, California",LCA
28,387,"Huami, Inc.",Data Scientist (in Healthcare),Certified,"Mountain View, California",LCA
29,388,"Hulu, Llc",Data Scientist,Certified,"Santa Monica, California",LCA
30,389,"Hulu, Llc",Data Scientist,Certified,"Santa Monica, California",LCA
31,390,"Hulu, Llc",Data Scientist,Certified,"Santa Monica, California",LCA
32,391,Humana Insurance Company,Data Scientist,In Process,"Redwood City, California",LCA
33,392,Humana Insurance Company,Data Scientist,Certified,"Redwood City, California",LCA
34,393,Ibm Corporation,Data Scientist,Withdrawn,"San Jose, California",LCA
35,394,Ibm Corporation,Data Scientist,Certified,"San Jose, California",LCA
36,395,Ibm Corporation,Data Scientist,Certified,"Foster City, California",LCA
37,396,Ibm Corporation,Data Scientist,Certified,"Foster City, California",LCA
38,397,Ibm Corporation,Data Scientist,Certified,"Foster City, California",LCA
39,398,Ibm Corporation,Data Scientist,Certified,"San Francisco, California",LCA
40,399,Ibm Corporation,Data Scientist,Certified,"San Francisco, California",LCA
41,400,Ibm Corporation,Data Scientist,Certified,"San Francisco, California",LCA
16,401,"Icuemotion, Llc",Data Scientist,Certified,"San Francisco, California",LCA
17,402,"Icuemotion, Llc",Data Scientist,Certified,"San Francisco, California",LCA
18,403,"Icuemotion, Llc",Data Scientist,Certified,"San Francisco, California",LCA
19,404,"Id Analytics, Llc",Associate Data Scientist,Certified,"San Diego, California",LCA
20,405,"Id Analytics, Llc",Data Scientist,Certified,"San Diego, California",LCA
21,406,Ikon Systems Llc,Data Scientist,Withdrawn,"Sunnyvale, California",LCA
22,407,Ikon Systems Llc,Data Scientist,Certified,"Sunnyvale, California",LCA
23,408,"Indeed, Inc.",Data Scientist,Certified,"San Francisco, California",LCA
25,409,"Indeed, Inc.",Data Scientist,Certified,"San Francisco, California",LCA
26,410,Instart Logic Inc.,Member Of Technical Staff - Data Scientist,Certified,"Palo Alto, California",LCA
27,411,"Insurance Services Office, Inc.",Data Scientist I,Certified,"San Francisco, California",LCA
28,412,"Insurance Services Office, Inc.",Data Scientist I,Certified,"San Francisco, California",LCA
29,413,"Insurance Services Office, Inc.",Data Scientist I,In Process,"San Francisco, California",LCA
30,414,Intel Corporation,Data Scientist,Certified,"Folsom, California",LCA
31,415,Intel Corporation,Data Scientist,Certified,"Folsom, California",LCA
32,416,Intel Corporation,Data Scientist,Certified,"Santa Clara, California",LCA
33,417,Intel Corporation,Data Scientist,Certified,"Santa Clara, California",LCA
34,418,Intel Corporation,Data Scientist,Certified,"Santa Clara, California",LCA
35,419,Intel Corporation,Data Scientist,Certified,"Santa Clara, California",LCA
36,420,Intel Corporation,Data Scientist,Pending Co Decision - Unassigned,"Santa Clara, California",LCA
37,421,Intel Corporation,Data Scientist,Certified,"San Diego, California",LCA
38,422,Intel Corporation,Data Scientist,Certified,"San Diego, California",LCA
39,423,Intel Corporation,Data Scientist,Certified,"San Diego, California",LCA
40,424,"Intellipro Group, Inc.",Staff Software Engineer/data Scientist,In Process,"Foster City, California",LCA
41,425,Intuit Inc.,Data Scientist,In Process,"Mountain View, California",LCA
16,426,Intuit Inc.,Senior Data Scientist,Certified,"Mountain View, California",LCA
17,427,Intuit Inc.,Senior Data Scientist,Certified,"Mountain View, California",LCA
18,428,Intuit Inc.,Senior Data Scientist,Certified,"Mountain View, California",LCA
19,429,Intuit Inc.,Senior Data Scientist,In Process,"Mountain View, California",LCA
20,430,Intuit Inc.,Senior Data Scientist,Certified,"San Diego, California",LCA
21,431,Inventure Capital Corporation,Data Scientist,Certified,"Santa Monica, California",LCA
22,432,"It Associates, Inc.",Data Scientist,Certified,"Calabasas, California",LCA
23,433,"Iteris, Inc",Data Scientist,Certified,"Berkeley, California",LCA
25,434,"Jam City, Inc.",Data Scientist,Certified,"Culver City, California",LCA
26,435,Jd.com American Technologies Corporation,Data Scientist,Certified,"Santa Clara, California",LCA
27,436,Jd.com American Technologies Corporation,Data Scientist,Certified,"Santa Clara, California",LCA
28,437,"Jlm Energy, Inc",Data Scientist,Certified,"Rocklin, California",LCA
29,438,"Jlm Energy, Inc",Data Scientist,Denied,"Rocklin, California",LCA
30,439,"Juvo Mobile, Inc.",Senior Data Scientist,Certified,"San Francisco, California",LCA
31,440,K-source Inc.,Data Scientist,In Process,"Thousand Oaks, California",LCA
32,441,"Koding, Inc.",Data Scientist,Certified,"San Francisco, California",LCA
33,442,"Kohl's Department Stores, Inc.",Associate Data Scientist,Certified,"Milpitas, California",LCA
34,443,"Kohl's Department Stores, Inc.",Data Scientist,Certified,"Milpitas, California",LCA
35,444,"Kohl's Department Stores, Inc.",Senior Data Scientist,Certified,"Milpitas, California",LCA
36,445,"Kohl's Department Stores, Inc.",Senior Data Scientist,Certified,"Milpitas, California",LCA
37,446,"Kohl's Department Stores, Inc.",Sr. Data Scientist,Certified,"Milpitas, California",LCA
38,447,"Kohl's Department Stores, Inc.",Staff Data Scientist,Certified,"Milpitas, California",LCA
39,448,"Komodo Health, Inc.",Data Scientist,Certified,"San Francisco, California",LCA
40,449,"Komodo Health, Inc.",Data Scientist,Withdrawn,"San Francisco, California",LCA
41,450,"Leantaas, Inc.",Associate Data Scientist,Certified,"Santa Clara, California",LCA
16,451,"Leantaas, Inc.",Associate Data Scientist,Certified,"Santa Clara, California",LCA
17,452,"Leantaas, Inc.",Data Scientist,Certified,"Santa Clara, California",LCA
18,453,Lendingclub Corporation,Associate Data Scientist,Certified,"San Francisco, California",LCA
19,454,Lendingclub Corporation,Senior Data Scientist,Certified,"San Francisco, California",LCA
20,455,Levi Strauss & Co.,Data Scientist,In Process,"San Francisco, California",LCA
21,456,Levi Strauss & Co.,Lead Data Scientist,In Process,"San Francisco, California",LCA
22,457,Levi Strauss & Co.,Data Scientist,Denied,"San Francisco, California",LCA
23,458,Linkedin Corporation,Data Scientist,Certified,"San Francisco, California",LCA
25,459,Linkedin Corporation,Data Scientist,Certified,"Mountain View, California",LCA
26,460,Linkedin Corporation,Data Scientist,Certified,"Mountain View, California",LCA
27,461,Linkedin Corporation,Data Scientist,Certified,"Sunnyvale, California",LCA
28,462,Linkedin Corporation,Data Scientist,Certified,"Sunnyvale, California",LCA
29,463,Linkedin Corporation,Data Scientist,Certified,"Sunnyvale, California",LCA
30,464,Linkedin Corporation,Data Scientist,In Process,"Sunnyvale, California",LCA
31,465,Linkedin Corporation,Data Scientist,Certified,"Sunnyvale, California",LCA
32,466,Linkedin Corporation,Data Scientist,Certified,"Sunnyvale, California",LCA
33,467,Linkedin Corporation,Data Scientist,Certified,"Sunnyvale, California",LCA
34,468,Linkedin Corporation,"Data Scientist, Growth Analytics",Certified,"Sunnyvale, California",LCA
35,469,Linkedin Corporation,Senior Data Scientist,Certified,"Sunnyvale, California",LCA
36,470,Linkedin Corporation,Senior Data Scientist,Certified,"Sunnyvale, California",LCA
37,471,Linkedin Corporation,Senior Data Scientist,Certified,"Sunnyvale, California",LCA
38,472,Linkedin Corporation,Senior Data Scientist,Certified,"Sunnyvale, California",LCA
39,473,Linkedin Corporation,Senior Data Scientist,Certified,"Sunnyvale, California",LCA
40,474,Linkedin Corporation,Senior Data Scientist,Certified,"Sunnyvale, California",LCA
41,475,Linkedin Corporation,Senior Data Scientist,Certified,"Mountain View, California",LCA
16,476,Linkedin Corporation,Senior Data Scientist,Certified,"Mountain View, California",LCA
17,477,Linkedin Corporation,Senior Data Scientist,Certified,"San Francisco, California",LCA
18,478,Linkedin Corporation,Senior Data Scientist,In Process,"San Francisco, California",LCA
19,479,Linkedin Corporation,Senior Data Scientist,Certified,"San Francisco, California",LCA
20,480,Linkedin Corporation,Senior Data Scientist - Search Analytics,Certified,"Sunnyvale, California",LCA
21,481,"Live Nation Worldwide, Inc.",Senior Data Scientist,Certified,"Hollywood, California",LCA
22,482,Lmb Mortgage Services Inc.,Data Scientist,Certified,"Playa Vista, California",LCA
23,483,Logitech Inc.,Data Scientist,Certified,"Newark, California",LCA
25,484,Logitech Inc.,Sr. Bi Specialist/supply Chain Data Scientist,Certified,"Newark, California",LCA
26,485,Lowermybills.com,Data Scientist,Certified,"Playa Vista, California",LCA
27,486,"Lumiata, Inc.",Data Scientist,Certified,"San Mateo, California",LCA
28,487,"Lumiata, Inc.",Data Scientist,Certified,"San Mateo, California",LCA
29,488,"Lumos Labs, Inc.",Senior Data Scientist,Certified,"San Francisco, California",LCA
30,489,Luxe Valet Inc.,Data Scientist,Certified,"San Francisco, California",LCA
31,490,Luxe Valet Inc.,Data Scientist,In Process,"San Francisco, California",LCA
32,491,"Lyft, Inc.",Data Scientist,Certified,"San Francisco, California",LCA
33,492,"Lyft, Inc.",Data Scientist,Certified,"San Francisco, California",LCA
34,493,"Lyft, Inc.",Data Scientist,Certified,"San Francisco, California",LCA
35,494,"Lyft, Inc.",Data Scientist,Certified,"San Francisco, California",LCA
36,495,"Lyft, Inc.",Data Scientist,Certified,"San Francisco, California",LCA
37,496,"Lyft, Inc.",Data Scientist,Certified,"San Francisco, California",LCA
38,497,"Lyft, Inc.",Data Scientist,Certified,"San Francisco, California",LCA
39,498,"Lyft, Inc.",Data Scientist,Certified,"San Francisco, California",LCA
40,499,"Lyft, Inc.",Data Scientist,Certified,"San Francisco, California",LCA
41,500,"Lyft, Inc.",Data Scientist,Certified,"San Francisco, California",LCA
16,501,"Lyft, Inc.",Data Scientist,Certified,"San Francisco, California",LCA
17,502,"Lyft, Inc.",Data Scientist,Certified,"San Francisco, California",LCA
18,503,"Machine Zone, Inc.",Data Scientist,Certified,"Palo Alto, California",LCA
19,504,"Machine Zone, Inc.",Data Scientist,Certified,"Palo Alto, California",LCA
20,505,"Machine Zone, Inc.",Data Scientist,Certified,"Palo Alto, California",LCA
21,506,"Machine Zone, Inc.",Data Scientist,In Process,"Palo Alto, California",LCA
22,507,"Machine Zone, Inc.",Data Scientist,Certified,"Palo Alto, California",LCA
23,508,"Machine Zone, Inc.",Jr. Data Scientist,Certified,"Palo Alto, California",LCA
25,509,"Machine Zone, Inc.",Junior Data Scientist,Certified,"Palo Alto, California",LCA
26,510,Macy's Merchandising Corporation,Data Scientist,Certified,"New York, California",LCA
27,511,"Manthan Systems, Inc.",Data Scientist,Certified,"Santa Clara, California",LCA
28,512,"Mapd Technologies, Inc",Data Scientist,In Process,"San Francisco, California",LCA
29,513,Marketshare Partners Llc,Senior Data Scientist,Certified,"Los Angeles, California",LCA
30,514,Marketshare Partners Llc,Sr. Data Scientist,Certified,"Los Angeles, California",LCA
31,515,Mattel Sales Corporation,Data Scientist,In Process,"El Segundo, California",LCA
32,516,Mattel Sales Corporation,Senior Data Scientist (15-1199.10),In Process,"El Segundo, California",LCA
33,517,"Mattermark, Inc.",Associate Data Scientist,Certified,"San Francisco, California",LCA
34,518,"Maxim Integrated Products, Inc.",Senior Data Scientist,Certified,"San Jose, California",LCA
35,519,"Maxim Integrated Products, Inc.",Senior Data Scientist,Certified,"San Jose, California",LCA
36,520,"Mcafee, Llc",Data Scientist,Certified,"Santa Clara, California",LCA
37,521,"Mcafee, Llc",Data Scientist,Certified,"Santa Clara, California",LCA
38,522,"Medtronic, Inc.",Data Scientist,Withdrawn,"Northridge, California",LCA
39,523,"Medtronic, Inc.",Data Scientist,In Process,"Northridge, California",LCA
40,524,"Medtronic, Inc.",Data Scientist,Denied,"Northridge, California",LCA
41,525,"Medtronic, Inc.",Data Scientist,Certified,"Northridge, California",LCA
16,526,"Medtronic, Inc.",Data Scientist,Withdrawn,"Northridge, California",LCA
17,527,"Medtronic, Inc.",Sr. Data Scientist,Certified,"Northridge, California",LCA
18,528,"Mercedes-benz Research & Development North America, Inc.",Data Scientist,Certified,"Sunnyvale, California",LCA
19,529,Merqbiz Llc,Data Scientist,In Process,"Manhattan Beach, California",LCA
20,530,"Metromile, Inc.",Data Scientist,Withdrawn,"San Francicsco, California",LCA
21,531,"Metromile, Inc.",Data Scientist,Certified,"San Francicsco, California",LCA
22,532,"Metromile, Inc.",Senior Data Scientist,Certified,"San Francisco, California",LCA
23,533,Microsoft Corporation,Data Scientist,Certified,"San Francisco, California",LCA
25,534,Microsoft Corporation,Data Scientist,Certified,"Sunnyvale, California",LCA
26,535,Microsoft Corporation,Data Scientist,Certified,"Sunnyvale, California",LCA
27,536,Microsoft Corporation,Data Scientist,Certified,"Sunnyvale, California",LCA
28,537,Microsoft Corporation,Data Scientist,Certified,"Sunnyvale, California",LCA
29,538,Microsoft Corporation,Data Scientist,Certified,"Sunnyvale, California",LCA
30,539,Microsoft Corporation,Data Scientist,Certified,"Sunnyvale, California",LCA
31,540,Microsoft Corporation,Data Scientist,Certified,"Sunnyvale, California",LCA
32,541,Microsoft Corporation,Data Scientist,Certified,"Sunnyvale, California",LCA
33,542,Microsoft Corporation,Principal Data Scientist Manager,Certified,"Sunnyvale, California",LCA
34,543,Microsoft Corporation,Senior Data Scientist,Certified,"Sunnyvale, California",LCA
35,544,Microsoft Corporation,Senior Data Scientist,In Process,"Sunnyvale, California",LCA
36,545,Microsoft Corporation,Senior Data Scientist,Certified,"Sunnyvale, California",LCA
37,546,"Mist Systems, Inc.",Member Of Technical Staff (data Scientist),Certified,"Cupertino, California",LCA
38,547,"Mocap Analytics, Inc.",Data Scientist,Certified,"Menlo Park, California",LCA
39,548,Monsanto Company,Data Scientist - Els,Certified,"Woodland, California",LCA
40,549,"Moody's Analytics, Inc.","Assistant Director, Senior Data Scientist",Certified,"San Francisco, California",LCA
41,550,"Motivo, Inc.",Data Scientist,Certified,"Sunnyvale, California",LCA
16,551,"Move, Inc",Sr. Data Scientist,Certified,"Santa Clara, California",LCA
17,552,"Move, Inc",Sr. Data Scientist,Certified,"Santa Clara, California",LCA
18,553,"Move, Inc",Sr. Data Scientist,Certified,"Santa Clara, California",LCA
19,554,"Move, Inc.",Data Scientist,Certified,"Santa Clara, California",LCA
20,555,"Move, Inc.",Junior Data Scientist,Certified,"Santa Clara, California",LCA
21,556,"Move, Inc.",Senior Data Scientist,Certified,"Santa Clara, California",LCA
22,557,"Mufg Union Bank, N.a.",Data Scientist,Certified,"Monterey Park, California",LCA
23,558,"Mulesoft, Inc.",Principal Data Scientist,Certified,"Mountain View, California",LCA
25,559,Myntra Inc,Machine Learning Data Scientist,Certified,"Palo Alto, California",LCA
26,560,"Natera, Inc.",Data Scientist,Certified,"San Carlos, California",LCA
27,561,"Natera, Inc.",Data Scientist,In Process,"San Carlos, California",LCA
28,562,"Natera, Inc.",Senior Data Scientist,Certified,"San Carlos, California",LCA
29,563,"Nativo, Inc.",Junior Data Scientist,Certified,"El Segundo, California",LCA
30,564,"Nc Interactive, Llc",Data Scientist,Certified,"San Mateo, California",LCA
31,565,"Netflix, Inc.",Full Stack Data Scientist,In Process,"Los Gatos, California",LCA
32,566,"Netflix, Inc.",Senior Data Scientist,Certified,"Los Gatos, California",LCA
33,567,"Netflix, Inc.",Senior Data Scientist,Certified,"Los Gatos, California",LCA
34,568,"Netflix, Inc.",Senior Data Scientist,Certified,"Los Gatos, California",LCA
35,569,"Netflix, Inc.",Senior Data Scientist,Certified,"Los Gatos, California",LCA
36,570,"Netflix, Inc.",Senior Data Scientist,Certified,"Los Gatos, California",LCA
37,571,"Netflix, Inc.",Senior Data Scientist,Certified,"Los Gatos, California",LCA
38,572,"Netflix, Inc.",Senior Data Scientist - Algorithm Experimentation,Certified,"Los Gatos, California",LCA
39,573,Neustar Information Services,Senior Data Scientist - Fraud Analytics,In Process,"San Diego, California",LCA
40,574,"Nextdoor.com, Inc.",Data Scientist,Certified,"San Francisco, California",LCA
41,575,Nextev Llc,Senior Staff Data Scientist,In Process,"San Jose, California",LCA
16,576,Niantic Inc,Product Manager - Data Scientist,Certified,"San Francisco, California",LCA
17,577,Nio Usa Inc.,Senior Data Scientist,Certified,"San Jose, California",LCA
18,578,Nokia Usa Inc.,Data Scientist,Certified,"Sunnyvale, California",LCA
19,579,Nokia Usa Inc.,Data Scientist,Certified,"Sunnyvale, California",LCA
20,580,"Noodle Analytics, Inc.",Associate Data Scientist,Certified,"Palo Alto, California",LCA
21,581,"Noodle Analytics, Inc.",Associate Data Scientist,Certified,"Palo Alto, California",LCA
22,582,Noodle Education Inc.,Chief Data Scientist,Certified,"Palo Alto, California",LCA
23,583,Noodle Education Inc.,Chief Data Scientist,Certified,"Palo Alto, California",LCA
25,584,Npv Staffing Llc,Data Scientist,Certified,"Foster City, California",LCA
26,585,Ntent Inc.,Data Scientist,Certified,"Carlsbad, California",LCA
27,586,Nuna Health,Associate Data Scientist,Certified,"San Francisco, California",LCA
28,587,Nuna Health,Data Scientist,Certified,"San Francisco, California",LCA
29,588,Nvidia Corporation,Data Scientist,Certified,"Santa Clara, California",LCA
30,589,Nvidia Corporation,Data Scientist,Certified,"Santa Clara, California",LCA
31,590,Nvidia Corporation,Data Scientist,Certified,"Santa Clara, California",LCA
32,591,Nvidia Corporation,Deep Learning Marketing Data Scientist,Certified,"Santa Clara, California",LCA
33,592,Nvidia Corporation,Senior Data Scientist,Certified,"Santa Clara, California",LCA
34,593,Nvidia Corporation,Senior Data Scientist,Certified,"Santa Clara, California",LCA
35,594,Nvidia Corporation,Senior Data Scientist,Certified,"Santa Clara, California",LCA
36,595,"One Concern, Inc.",Data Scientist,Certified,"Palo Alto, California",LCA
37,596,"One Concern, Inc.",Data Scientist [environmental Engineer],Certified,"Palo Alto, California",LCA
38,597,Openmail Llc,Data Scientist,Certified,"Venice, California",LCA
39,598,"Opentable, Inc.",Data Scientist,Certified,"San Francisco, California",LCA
40,599,"Opentable, Inc.",Senior Data Scientist,Certified,"San Francisco, California",LCA
41,600,"Openx Technologies, Inc.",Data Scientist Ii,Certified,"Pasadena, California",LCA
16,601,"Oracle America, Inc",Data Scientist,Certified,"Redwood Shores, California",LCA
17,602,"Oracle America, Inc",Data Scientist,Certified,"Redwood Shores, California",LCA
18,603,"Oracle America, Inc",Data Scientist Director,Certified,"Redwood Shores, California",LCA
19,604,"Oracle America, Inc",Data Scientist Director,Certified,"Redwood Shores, California",LCA
20,605,"Orbital Insight, Inc.",Data Scientist,In Process,"Mountain View, California",LCA
21,606,"Pacific Dental Services, Llc",Associate Data Scientist,Certified,"Irvine, California",LCA
22,607,Pacific Life Insurance Company,Senior Data Scientist,Certified,"Newport Beach, California",LCA
23,608,"Palo Alto Networks, Inc.",Data Scientist,Certified,"Santa Clara, California",LCA
25,609,"Palo Alto Networks, Inc.",Data Scientist,Certified,"Santa Clara, California",LCA
26,610,"Palo Alto Networks, Inc.",Principal Data Scientist,Certified,"Santa Clara, California",LCA
27,611,"Patternex, Inc.",Data Scientist,Certified,"San Jose, California",LCA
28,612,"Paypal, Inc.",Data Scientist,Certified,"San Jose, California",LCA
29,613,"Paypal, Inc.",Data Scientist,In Process,"San Jose, California",LCA
30,614,"Paypal, Inc.",Data Scientist,Certified,"San Jose, California",LCA
31,615,"Paypal, Inc.",Data Scientist 1,Certified,"San Jose, California",LCA
32,616,"Paypal, Inc.",Data Scientist 2,Certified,"San Jose, California",LCA
33,617,"Paypal, Inc.",Data Scientist 2,Certified,"San Jose, California",LCA
34,618,"Paypal, Inc.",Data Scientist 2,Certified,"San Jose, California",LCA
35,619,"Paypal, Inc.",Data Scientist 2,Certified,"Santa Clara, California",LCA
36,620,"Paypal, Inc.",Lead Data Scientist,Certified,"San Jose, California",LCA
37,621,"Paypal, Inc.",Senior Data Scientist,Certified,"San Jose, California",LCA
38,622,"Peopleaxis, Inc",Data Scientist,Certified,"San Jose, California",LCA
39,623,Percolata Corporation,Data Scientist,Certified,"Palo Alto, California",LCA
40,624,"Personalized Beauty Discovery, Inc.",Data Scientist & Software Engineer,Certified,"San Mateo, California",LCA
41,625,"Picarro, Inc.",Data Scientist,Certified,"Santa Clara, California",LCA
16,626,Pinn Technologies Inc.,Senior Data Scientist,Certified,"Redwood City, California",LCA
17,627,"Pinterest, Inc.",Data Scientist,Certified,"San Francisco, California",LCA
18,628,"Pinterest, Inc.",Data Scientist,In Process,"San Francisco, California",LCA
19,629,"Pinterest, Inc.",Data Scientist,Certified,"San Francisco, California",LCA
20,630,"Pinterest, Inc.",Data Scientist,Certified,"San Francisco, California",LCA
21,631,"Pinterest, Inc.","Product Analyst/data Scientist, Modeling",Certified,"San Francisco, California",LCA
22,632,"Pivotal Software, Inc.",Senior Data Scientist,Certified,"Santa Monica, California",LCA
23,633,"Pivotal Software, Inc.",Senior Data Scientist,Certified,"Santa Monica, California",LCA
25,634,"Plangrid, Inc.",Data Scientist,Certified,"San Francisco, California",LCA
26,635,"Plum Lending, Inc.",Senior Data Scientist,Denied,"San Francisco, California",LCA
27,636,"Plum Lending, Inc.",Senior Data Scientist,In Process,"San Francisco, California",LCA
28,637,"Plum Lending, Inc.",Senior Data Scientist,Denied,"San Francisco, California",LCA
29,638,"Plum Lending, Inc.",Senior Data Scientist,Denied,"San Francisco, California",LCA
30,639,"Plum Lending, Inc.",Senior Data Scientist,Certified,"San Francisco, California",LCA
31,640,Popsugar Inc.,Data Scientist,Certified,"San Francisco, California",LCA
32,641,Postmates Inc.,Data Scientist,In Process,"San Francisco, California",LCA
33,642,Postmates Inc.,Senior Data Scientist,In Process,"San Francisco, California",LCA
34,643,"Primer Technologies, Inc.",Senior Data Scientist,Certified,"San Francisco, California",LCA
35,644,"Publica, Llc",Lead Data Scientist,Certified,"Palo Alto, California",LCA
36,645,"Pure Storage, Inc.",Data Scientist,Certified,"Mountain View, California",LCA
37,646,"Pure Storage, Inc.",Data Scientist,Certified,"Mountain View, California",LCA
38,647,"Pure Storage, Inc.",Data Scientist,Certified,"Mountain View, California",LCA
39,648,"Pure Storage, Inc.",Data Scientist,Certified,"Mountain View, California",LCA
40,649,"Quad Analytix, Inc.",Data Scientist,Certified,"San Mateo, California",LCA
41,650,"Quad Analytix, Inc.",Data Scientist,Certified,"San Mateo, California",LCA
16,651,Quality Planning Corp.,Data Scientist,Certified,"San Francisco, California",LCA
17,652,"Quantifind, Inc.",Data Scientist,Certified,"Menlo Park, California",LCA
18,653,"Quantifind, Inc.",Data Scientist,Certified,"Menlo Park, California",LCA
19,654,"Quantifind, Inc.",Data Scientist,Certified,"Menlo Park, California",LCA
20,655,"Quora, Inc.",Data Scientist,Certified,"Mountain View, California",LCA
21,656,"Quora, Inc.",Data Scientist,Certified,"Mountain View, California",LCA
22,657,"Quora, Inc.",Data Scientist,Certified,"Mountain View, California",LCA
23,658,"Quora, Inc.",Data Scientist,Certified,"Mountain View, California",LCA
25,659,"Quotient Technology, Inc.",Data Scientist,Certified,"Mountain View, California",LCA
26,660,"Qventus, Inc",Data Scientist,In Process,"Los Altos, California",LCA
27,661,Radius Intelligence Inc.,Data Scientist,Certified,"San Francisco, California",LCA
28,662,"Radius Intelligence, Inc.",Data Scientist,Certified,"San Francisco, California",LCA
29,663,"Red Beacon, Inc.",Data Scientist,Certified,"Foster City, California",LCA
30,664,"Reddit, Inc.",Data Scientist,Certified,"San Francisco, California",LCA
31,665,"Relayrides, Inc.",Data Scientist,Certified,"San Francisco, California",LCA
32,666,Reputation.com,Data Scientist,Certified,"Redwood City, California",LCA
33,667,"Retrofit, Inc.",Data Scientist,Certified,"San Francisco, California",LCA
34,668,"Riot Games, Inc.",Associate Data Scientist,Certified,"Los Angeles, California",LCA
35,669,"Riot Games, Inc.",Associate Data Scientist,Certified,"Los Angeles, California",LCA
36,670,"Riot Games, Inc.",Data Scientist,Certified,"Los Angeles, California",LCA
37,671,Robert Bosch Llc,Data Scientist,In Process,"Sunnyvale, California",LCA
38,672,Robert Bosch Llc,Statistician / Data Scientist,Certified,"Palo Alto, California",LCA
39,673,Robert Half International Inc.,Data Scientist,Certified,"San Ramon, California",LCA
40,674,Roblox Corporation,Data Scientist,Certified,"San Mateo, California",LCA
41,675,"Roche Sequencing Solutions, Inc.",Data Scientist,Certified,"Santa Clara, California",LCA
16,676,"Roche Sequencing Solutions, Inc.",Data Scientist,Certified,"San Jose, California",LCA
17,677,"Roche Sequencing Solutions, Inc.",Principle Data Scientist (bioinformatics),Certified,"Santa Clara, California",LCA
18,678,Rule 14 Llc,Data Scientist,Certified,"Santa Monica, California",LCA
19,679,Salesforce.com Inc.,Data Scientist,Certified,"Palo Alto, California",LCA
20,680,Salesforce.com Inc.,Data Scientist,Certified,"San Francisco, California",LCA
21,681,Salesforce.com Inc.,Data Scientist,Certified,"San Francisco, California",LCA
22,682,Salesforce.com Inc.,Data Scientist,Certified,"San Francisco, California",LCA
23,683,Salesforce.com Inc.,Data Scientist,Certified,"San Francisco, California",LCA
25,684,Salesforce.com Inc.,Data Scientist,Certified,"San Francisco, California",LCA
26,685,Salesforce.com Inc.,Data Scientist,Certified,"San Francisco, California",LCA
27,686,Salesforce.com Inc.,"Data Scientist, Pricing Intelligence",Certified,"San Francisco, California",LCA
28,687,Salesforce.com Inc.,"Data Scientist, Pricing Intelligence",Certified,"San Francisco, California",LCA
29,688,Salesforce.com Inc.,Lead Data Scientist - Security Intrusion,Certified,"San Francisco, California",LCA
30,689,Salesforce.com Inc.,Senior Data Scientist,Certified,"San Francisco, California",LCA
31,690,"Salesforce.com, Inc.",Data Scientist,Certified,"San Francisco, California",LCA
32,691,"Samsung Sds America, Inc.",Data Scientist,Certified,"San Jose, California",LCA
33,692,"Samsung Sds Global Scl America, Inc.",Data Scientist,Certified,"San Jose, California",LCA
34,693,"Sap Labs, Llc",Data Scientist,Certified,"Palo Alto, California",LCA
35,694,"Sap Labs, Llc",Data Scientist,Certified,"Palo Alto, California",LCA
36,695,"Sap Labs, Llc",Data Scientist,Certified,"Palo Alto, California",LCA
37,696,"Sap Labs, Llc",Data Scientist,Certified,"Palo Alto, California",LCA
38,697,"Sap Labs, Llc",Senior Data Scientist,Certified,"Palo Alto, California",LCA
39,698,Sas Institute Inc.,Analytical Consultant (data Scientist),Certified,"Irvine, California",LCA
40,699,Schlumberger Technology Corporation,Data Scientist,Certified,"Menlo Park, California",LCA
41,700,Schlumberger Technology Corporation,Data Scientist,Certified,"Menlo Park, California",LCA
16,701,Scientific Revenue,Data Scientist,Certified,"San Mateo, California",LCA
17,702,"Scopely, Inc.",Data Scientist,Certified,"Culver City, California",LCA
18,703,"Scry Analytics, Inc.",Data Scientist,Withdrawn,"San Jose, California",LCA
19,704,"Scry Analytics, Inc.",Data Scientist,Certified,"San Jose, California",LCA
20,705,"Scry Analytics, Inc.",Junior Data Scientist And Data Engineer,Withdrawn,"San Jose, California",LCA
21,706,"Scry Analytics, Inc.",Junior Data Scientist And Data Engineer,Certified,"San Jose, California",LCA
22,707,"Second Measure, Inc.",Data Scientist,Certified,"San Mateo, California",LCA
23,708,Sense360 Inc.,Data Scientist,Certified,"Culver City, California",LCA
25,709,"Sensortower, Inc.",Data Scientist,Certified,"San Francisco, California",LCA
26,710,"Seriously Digital Entertainment, Inc.",Data Scientist,In Process,"Los Angeles, California",LCA
27,711,"Seriously Digital Entertainment, Inc.",Data Scientist,Certified,"Venice, California",LCA
28,712,"Servature, Inc.",Data Scientist,Certified,"San Francisco, California",LCA
29,713,"Servicenow, Inc.",Data Scientist,Certified,"San Diego, California",LCA
30,714,"Shape Security, Inc.",Data Scientist,Certified,"Mountain View, California",LCA
31,715,"Sharethis, Inc.",Data Scientist,Certified,"Palo Alto, California",LCA
32,716,"Sharethis, Inc.",Principal Data Scientist,Certified,"Palo Alto, California",LCA
33,717,"Shazam Media Services, Inc.",Data Scientist,Certified,"Redwood City, California",LCA
34,718,"Shutterfly, Inc.",Data Scientist,Certified-withdrawn,"Redwood City, California",LCA
35,719,"Shutterfly, Inc.",Data Scientist,Certified,"Redwood City, California",LCA
36,720,"Smartlens Analytics, Inc",Data Scientist,Certified,"San Jose, California",LCA
37,721,"Smartlens Analytics, Inc",Data Scientist,Certified,"San Jose, California",LCA
38,722,Snap Inc.,Data Scientist,Certified,"Venice, California",LCA
39,723,Snap Inc.,Data Scientist,Certified,"Venice, California",LCA
40,724,Snap Inc.,Data Scientist (2),Certified,"Venice, California",LCA
41,725,Snap Inc.,Data Scientist (3),Certified,"Venice, California",LCA
16,726,Snap Inc.,Data Scientist (3),In Process,"Venice, California",LCA
17,727,Snap Inc.,Data Scientist (3),Certified,"Venice, California",LCA
18,728,Snap Inc.,Data Scientist (3),Certified,"Venice, California",LCA
19,729,Snap Inc.,Data Scientist (4),Certified,"Venice, California",LCA
20,730,Snap Inc.,Data Scientist (4),Certified,"Venice, California",LCA
21,731,Snap Inc.,Data Scientist (5),Certified,"Venice, California",LCA
22,732,Snap Inc.,"Data Scientist, Engineer",Certified,"Venice, California",LCA
23,733,Snap Inc.,"Data Scientist, Engineering",Certified,"Venice, California",LCA
25,734,Snap Inc.,"Data Scientist, Revenue Analytics (2)",Certified,"Venice, California",LCA
26,735,"Soasta, Inc.",Senior Data Scientist,Certified,"Mountain View, California",LCA
27,736,"Soundcloud, Inc.",Senior Data Scientist,Certified,"Los Angeles, California",LCA
28,737,Splunk Inc.,Data Scientist,Certified,"San Jose, California",LCA
29,738,Splunk Inc.,Principal Data Scientist,Certified,"San Jose, California",LCA
30,739,Sportradar Us Llc,Data Scientist,Certified,"Menlo Park, California",LCA
31,740,Sportradar Us Llc,Senior Data Scientist,Certified,"Menlo Park, California",LCA
32,741,Sprint Corporation,Data Scientist Iii,Pending Co Decision - Unassigned,"San Diego, California",LCA
33,742,"Square, Inc.",Data Scientist,Certified,"San Francisco, California",LCA
34,743,"Square, Inc.",Data Scientist,Certified,"San Francisco, California",LCA
35,744,"Square, Inc.",Data Scientist,Certified,"San Francisco, California",LCA
36,745,Srs Consulting Inc.,Data Scientist,Certified,"San Jose, California",LCA
37,746,"Staples, Inc.",Senior Data Scientist,Certified,"San Mateo, California",LCA
38,747,"Staples, Inc.",Sr Data Scientist,Certified,"San Mateo, California",LCA
39,748,"Staples, Inc.",Sr. Data Scientist Inv,Certified,"San Jose, California",LCA
40,749,"Starsky Robotics, Inc.",Data Scientist,Certified,"San Francisco, California",LCA
41,750,"Starsky Robotics, Inc.",Senior Data Scientist,Certified,"San Francisco, California",LCA
16,751,"Stitch Fix, Inc.",Data Scientist,Certified,"San Francisco, California",LCA
17,752,"Stitch Fix, Inc.",Data Scientist,Certified,"San Francisco, California",LCA
18,753,"Stitch Fix, Inc.",Data Scientist,Certified,"San Francisco, California",LCA
19,754,"Stitch Fix, Inc.",Data Scientist,Certified,"San Francisco, California",LCA
20,755,"Stitch Fix, Inc.",Data Scientist,Certified,"San Francisco, California",LCA
21,756,"Stitch Fix, Inc.",Data Scientist,Certified,"San Francisco, California",LCA
22,757,"Stitch Fix, Inc.",Data Scientist,In Process,"San Francisco, California",LCA
23,758,"Streetline, Inc.",Data Scientist,Certified,"San Mateo, California",LCA
25,759,"Stripe, Inc.",Data Scientist,Certified,"San Francisco, California",LCA
26,760,"Stripe, Inc.",Data Scientist,Certified,"San Francisco, California",LCA
27,761,"Stubhub, Inc.",Data Scientist 1,Certified,"San Francisco, California",LCA
28,762,"Stubhub, Inc.",Data Scientist 1,Certified,"San Francisco, California",LCA
29,763,"Stubhub, Inc.",Data Scientist 3,Certified,"San Francisco, California",LCA
30,764,"Sugarcrm, Inc.",Senior Technical Data Scientist,Certified,"Cupertino, California",LCA
31,765,Suning Commerce R&d Center,Data Scientist,Certified,"Palo Alto, California",LCA
32,766,Suning Commerce R&d Center Usa Inc.,Data Scientist,Certified,"Palo Alto, California",LCA
33,767,Suning Commerce R&d Center Usa Inc.,Data Scientist,Certified,"Palo Alto, California",LCA
34,768,Sunpower Corporation,Performance Data Scientist,Certified,"Richmond, California",LCA
35,769,"Sunverge Energy, Inc.","Data Scientist, Performance Optimization",Certified,"San Francisco, California",LCA
36,770,"Sunverge Energy, Inc.","Data Scientist, Performance Optimization",Certified,"San Francisco, California",LCA
37,771,Super Evil Megacorp,Data Scientist,Certified,"San Mateo, California",LCA
38,772,"Supply Frame, Inc.",Data Scientist,Certified,"Pasadena, California",LCA
39,773,"Supply Frame, Inc.",Data Scientist,Certified,"Pasadena, California",LCA
40,774,"Supply Frame, Inc.",Data Scientist,Certified,"Pasadena, California",LCA
41,775,Surveymonkey Inc.,Data Scientist,Certified,"San Mateo, California",LCA
16,776,"T3c, Inc. Dba Retail Solutions, Inc.",Data Scientist,Certified,"Mountain View, California",LCA
17,777,"T3c, Inc. Dba Retail Solutions, Inc.",Data Scientist,Certified,"Mountain View, California",LCA
18,778,"T3c, Inc. Dba Retail Solutions, Inc.",Jr. Data Scientist,Certified,"Mountain View, California",LCA
19,779,"Taboola, Inc.",Data Scientist,Certified,"Los Angeles, California",LCA
20,780,"Tapjoy, Inc.",Data Scientist,Certified,"San Francisco, California",LCA
21,781,"Target Enterprise, Inc.",Lead Data Scientist,Certified,"Sunnyvale, California",LCA
22,782,"Target Enterprise, Inc.",Lead Data Scientist,Certified,"Sunnyvale, California",LCA
23,783,"Target Enterprise, Inc.",Lead Data Scientist,Certified,"Sunnyvale, California",LCA
25,784,"Target Enterprise, Inc.",Lead Data Scientist,Certified,"Sunnyvale, California",LCA
26,785,"Target Enterprise, Inc.",Lead Data Scientist,Certified,"Sunnyvale, California",LCA
27,786,"Target Enterprise, Inc.",Lead Data Scientist,Certified,"Sunnyvale, California",LCA
28,787,"Target Enterprise, Inc.",Lead Data Scientist,Certified,"Sunnyvale, California",LCA
29,788,"Target Enterprise, Inc.",Lead Data Scientist,Certified,"Sunnyvale, California",LCA
30,789,"Target Enterprise, Inc.",Lead Data Scientist,Certified,"Sunnyvale, California",LCA
31,790,"Target Enterprise, Inc.",Lead Data Scientist,Certified,"Sunnyvale, California",LCA
32,791,"Target Enterprise, Inc.",Lead Data Scientist,Certified,"Sunnyvale, California",LCA
33,792,"Target Enterprise, Inc.",Lead Data Scientist,Certified,"Sunnyvale, California",LCA
34,793,"Target Enterprise, Inc.",Sr. Data Scientist,Certified,"Sunnyvale, California",LCA
35,794,Targetcast Llc,Data Scientist,Certified,"Century City, California",LCA
36,795,"Taskrabbit, Inc.",Data Scientist,Certified,"San Francisco, California",LCA
37,796,"Taskrabbit, Inc.",Data Scientist,In Process,"San Francisco, California",LCA
38,797,"Telenav, Inc.",Data Scientist,Certified,"Santa Clara, California",LCA
39,798,"Telenav, Inc.",Data Scientist,In Process,"Santa Clara, California",LCA
40,799,"Telenav, Inc.",Data Scientist,Certified,"Santa Clara, California",LCA
41,800,"Ten-x, Llc",Associate Data Scientist,Certified,"San Mateo, California",LCA
16,801,"Teradata Operations, Inc.",Data Scientist,Certified,"San Diego, California",LCA
17,802,"Tesla, Inc.","Assoc.data Scientist,dimensional Engineering",Certified,"Fremont, California",LCA
18,803,"Tesla, Inc.",Data Scientist,Certified,"Fremont, California",LCA
19,804,"Tesla, Inc.",Data Scientist,Certified,"Fremont, California",LCA
20,805,"Tesla, Inc.",Data Scientist,Certified,"Fremont, California",LCA
21,806,"Tesla, Inc.",Data Scientist (growth And Marketing),Certified,"Fremont, California",LCA
22,807,"Tesla, Inc.","Data Scientist, Process Engineer",Certified,"Fremont, California",LCA
23,808,"Tesla, Inc.",Senior Data Scientist,Certified,"Palo Alto, California",LCA
25,809,"Tesla, Inc.","Senior Data Scientist, Quality Engineering",Certified,"Fremont, California",LCA
26,810,"Tesla, Inc.",Staff Data Scientist,Certified,"Fremont, California",LCA
27,811,Textnow Inc.,Data Scientist,Certified,"San Francisco, California",LCA
28,812,"The Boston Consulting Group, Inc.",Data Scientist,In Process,"Los Angeles, California",LCA
29,813,"The Boston Consulting Group, Inc.",Data Scientist,Certified,"Los Angeles, California",LCA
30,814,"The Boston Consulting Group, Inc.",Data Scientist/engineer,Certified,"Los Angeles, California",LCA
31,815,The Climate Corporation,Data Scientist - Machine Learning,Certified,"San Francisco, California",LCA
32,816,The Clorox Company,Associate Global Insights Manager - Data Scientist,Certified,"Oakland, California",LCA
33,817,The Honest Company,Data Scientist,Certified,"Los Angeles, California",LCA
34,818,"The Nielsen Company (us), Llc",Data Scientist,Certified,"San Francisco, California",LCA
35,819,"The Rubicon Project, Inc.",Associate Data Scientist,Certified,"Playa Vista, California",LCA
36,820,"The Rubicon Project, Inc.",Data Scientist,Certified,"Playa Vista, California",LCA
37,821,Third Eye Consulting Services & Solutions Llc,Data Scientist,Certified,"Santa Clara, California",LCA
38,822,Thomson Reuters (markets) Llc,Quantitative Research Data Scientist,Certified,"San Francisco, California",LCA
39,823,"Thumbtack, Inc.",Data Scientist,Certified,"San Francisco, California",LCA
40,824,"Thumbtack, Inc.",Data Scientist,In Process,"San Francisco, California",LCA
41,825,"Tibco Software, Inc.",Associate Data Scientist,Certified,"Palo Alto, California",LCA
16,826,Tile Inc.,Data Scientist,Certified,"San Mateo, California",LCA
17,827,Tile Inc.,Data Scientist,Certified,"San Mateo, California",LCA
18,828,Tivo Solutions Inc. (f/k/a Tivo Inc.),Data Scientist,Certified,"San Jose, California",LCA
19,829,Torrid Llc,Marketing Data Scientist,Certified,"Industry, California",LCA
20,830,"Touchpal, Inc.",Data Scientist,Certified,"Mountain View, California",LCA
21,831,"Touchpal, Inc.",Managing Data Scientist,Certified,"Mountain View, California",LCA
22,832,"Touchpal, Inc.",Senior Data Scientist,Certified,"Mountain View, California",LCA
23,833,"Touchpal, Inc.",Senior Data Scientist,Certified,"Mountain View, California",LCA
25,834,"Touchpal, Inc.",Senior Data Scientist,Certified,"Mountain View, California",LCA
26,835,"Touchpal, Inc.",Senior Data Scientist,Certified,"Mountain View, California",LCA
27,836,"Touchpal, Inc.",Senior Data Scientist,Certified,"Mountain View, California",LCA
28,837,Tr Transition Services Inc.,Senior Data Scientist,Certified,"San Francisco, California",LCA
29,838,"Tremus, Inc.",Senior Data Scientist,Certified,"Menlo Park, California",LCA
30,839,"Trib3.com, Inc.",Junior Data Scientist,Certified,"San Francisco, California",LCA
31,840,"Tripping International, Inc.",Data Scientist,Certified,"San Francisco, California",LCA
32,841,Trooly Inc.,Data Scientist,Certified,"Los Altos, California",LCA
33,842,"Truecar, Inc.",Data Scientist,Certified,"Santa Monica, California",LCA
34,843,"Truecar, Inc.",Data Scientist,Certified,"Santa Monica, California",LCA
35,844,"Truecar, Inc.",Data Scientist,Certified,"Santa Monica, California",LCA
36,845,"Truex, Inc.",Data Scientist,In Process,"Los Angeles, California",LCA
37,846,Trusted Patterns Inc.,Data Scientist,Certified,"San Jose, California",LCA
38,847,Turo Inc.,Data Scientist,Certified,"San Francisco, California",LCA
39,848,Twentieth Century Fox Film Corp.,"Senior Manager, Data Scientist",Certified,"Los Angeles, California",LCA
40,849,Twilio Inc.,Computational Data Scientist,Certified,"San Francisco, California",LCA
41,850,Twilio Inc.,Computational Data Scientist,Certified,"San Francisco, California",LCA
16,851,Twilio Inc.,Computational Data Scientist,Certified,"San Francisco, California",LCA
17,852,"Twitch Interactive, Inc.",Data Scientist,Certified,"San Francisco, California",LCA
18,853,"Twitch Interactive, Inc.",Data Scientist,Certified,"San Francisco, California",LCA
19,854,"Twitch Interactive, Inc.",Data Scientist,Certified,"San Francisco, California",LCA
20,855,"Twitter, Inc.",Data Scientist,Certified,"San Francisco, California",LCA
21,856,"Twitter, Inc.",Data Scientist I,In Process,"San Francisco, California",LCA
22,857,"Twitter, Inc.",Data Scientist Ii,In Process,"San Francisco, California",LCA
23,858,"Twitter, Inc.",Staff Tech Data Scientist,Certified,"San Francisco, California",LCA
25,859,"Twitter, Inc.",Tech Data Scientist I,Certified,"San Francisco, California",LCA
26,860,"Twitter, Inc.",Tech Data Scientist I,Certified,"San Francisco, California",LCA
27,861,"Twitter, Inc.",Tech Data Scientist I,Certified-withdrawn,"San Francisco, California",LCA
28,862,"Twitter, Inc.",Tech Data Scientist Ii,Certified,"San Francisco, California",LCA
29,863,"Twitter, Inc.",Tech Data Scientist Ii,Certified,"San Francisco, California",LCA
30,864,"Twitter, Inc.",Tech Data Scientist Ii,Certified,"San Francisco, California",LCA
31,865,"Twitter, Inc.",Tech. Data Scientist I,In Process,"San Francisco, California",LCA
32,866,"Twitter, Inc.",Technical Data Scientist Ii,Certified,"San Francisco, California",LCA
33,867,"U.s. Radiology On-call, Llc",Data Scientist,Denied,"Irvine, California",LCA
34,868,"U.s. Radiology On-call, Llc",Data Scientist,Certified,"Santa Monica, California",LCA
35,869,"Uber Technologies, Inc.",Data Scientist,In Process,"San Francisco, California",LCA
36,870,"Uber Technologies, Inc.",Data Scientist,Certified,"San Francisco, California",LCA
37,871,"Uber Technologies, Inc.",Data Scientist,Certified,"San Francisco, California",LCA
38,872,"Uber Technologies, Inc.",Data Scientist,Certified,"San Francisco, California",LCA
39,873,"Uber Technologies, Inc.",Data Scientist,Certified,"San Francisco, California",LCA
40,874,"Uber Technologies, Inc.",Data Scientist,Certified,"San Francisco, California",LCA
41,875,"Uber Technologies, Inc.",Data Scientist,Certified,"San Francisco, California",LCA
16,876,"Uber Technologies, Inc.",Data Scientist,Certified,"San Francisco, California",LCA
17,877,"Uber Technologies, Inc.",Data Scientist,Certified,"San Francisco, California",LCA
18,878,"Uber Technologies, Inc.",Data Scientist,Certified,"San Francisco, California",LCA
19,879,"Uber Technologies, Inc.",Data Scientist,Certified,"San Francisco, California",LCA
20,880,"Uber Technologies, Inc.",Data Scientist,Certified,"San Francisco, California",LCA
21,881,"Uber Technologies, Inc.",Data Scientist,Certified,"San Francisco, California",LCA
22,882,"Uber Technologies, Inc.",Data Scientist,Certified,"San Francisco, California",LCA
23,883,"Uber Technologies, Inc.",Data Scientist,Certified,"San Francisco, California",LCA
25,884,"Uber Technologies, Inc.",Data Scientist,In Process,"San Francisco, California",LCA
26,885,"Uber Technologies, Inc.",Data Scientist,Certified,"San Francisco, California",LCA
27,886,"Uber Technologies, Inc.",Data Scientist,Certified,"San Francisco, California",LCA
28,887,"Uber Technologies, Inc.",Data Scientist,In Process,"San Francisco, California",LCA
29,888,"Uber Technologies, Inc.",Data Scientist,Certified,"San Francisco, California",LCA
30,889,"Uber Technologies, Inc.",Data Scientist,Certified,"San Francisco, California",LCA
31,890,"Uber Technologies, Inc.",Data Scientist,In Process,"San Francisco, California",LCA
32,891,"Uber Technologies, Inc.",Data Scientist,Certified,"San Francisco, California",LCA
33,892,"Uber Technologies, Inc.",Data Scientist,Withdrawn,"San Francisco, California",LCA
34,893,"Uber Technologies, Inc.",Data Scientist,In Process,"San Francisco, California",LCA
35,894,"Uber Technologies, Inc.",Data Scientist,In Process,"San Francisco, California",LCA
36,895,"Uber Technologies, Inc.",Data Scientist,In Process,"San Francisco, California",LCA
37,896,"Uber Technologies, Inc.",Data Scientist,Certified,"San Francisco, California",LCA
38,897,"Uber Technologies, Inc.",Data Scientist,Certified,"San Francisco, California",LCA
39,898,"Uber Technologies, Inc.",Data Scientist,Certified,"San Francisco, California",LCA
40,899,"Uber Technologies, Inc.",Data Scientist,Certified,"San Francisco, California",LCA
41,900,"Uber Technologies, Inc.",Data Scientist,Certified,"San Francisco, California",LCA
16,901,"Uber Technologies, Inc.",Data Scientist,In Process,"San Francisco, California",LCA
17,902,"Uber Technologies, Inc.",Data Scientist,In Process,"San Francisco, California",LCA
18,903,"Uber Technologies, Inc.",Data Scientist,In Process,"San Francisco, California",LCA
19,904,"Uber Technologies, Inc.",Data Scientist,Certified,"San Francisco, California",LCA
20,905,"Uber Technologies, Inc.",Data Scientist,In Process,"San Francisco, California",LCA
21,906,"Uber Technologies, Inc.",Data Scientist,Withdrawn,"San Francisco, California",LCA
22,907,"Uber Technologies, Inc.",Data Scientist,In Process,"San Francisco, California",LCA
23,908,"Uber Technologies, Inc.",Data Scientist,In Process,"San Francisco, California",LCA
25,909,"Uber Technologies, Inc.",Data Scientist,Certified,"San Francisco, California",LCA
26,910,"Uber Technologies, Inc.",Data Scientist,Certified,"San Francisco, California",LCA
27,911,"Uber Technologies, Inc.",Data Scientist,Certified,"San Francisco, California",LCA
28,912,"Uber Technologies, Inc.",Data Scientist,Withdrawn,"San Francisco, California",LCA
29,913,"Uber Technologies, Inc.",Data Scientist,In Process,"San Francisco, California",LCA
30,914,"Uber Technologies, Inc.",Data Scientist,Certified,"San Francisco, California",LCA
31,915,"Uber Technologies, Inc.",Data Scientist,Certified,"San Francisco, California",LCA
32,916,"Uber Technologies, Inc.",Data Scientist,Certified,"San Francisco, California",LCA
33,917,"Uber Technologies, Inc.",Data Scientist,Certified,"San Francisco, California",LCA
34,918,"Uber Technologies, Inc.",Data Scientist,Certified,"San Francisco, California",LCA
35,919,"Uber Technologies, Inc.",Data Scientist,Certified,"San Francisco, California",LCA
36,920,"Uber Technologies, Inc.",Data Scientist,Certified,"San Francisco, California",LCA
37,921,"Uber Technologies, Inc.",Data Scientist,Certified,"San Francisco, California",LCA
38,922,"Uber Technologies, Inc.",Data Scientist,In Process,"San Francisco, California",LCA
39,923,"Uber Technologies, Inc.",Data Scientist,In Process,"San Francisco, California",LCA
40,924,"Uber Technologies, Inc.",Data Scientist,Certified,"Palo Alto, California",LCA
41,925,"Uber Technologies, Inc.",Data Scientist,Certified,"Palo Alto, California",LCA
16,926,"Uber Technologies, Inc.",Data Scientist,Certified,"Palo Alto, California",LCA
17,927,"Uber Technologies, Inc.",Data Scientist,Certified,"Palo Alto, California",LCA
18,928,"Uber Technologies, Inc.",Data Scientist,Certified,"Palo Alto, California",LCA
19,929,"Uber Technologies, Inc.",Data Scientist,Certified,"Palo Alto, California",LCA
20,930,"Uber Technologies, Inc.",Data Scientist,Certified,"Palo Alto, California",LCA
21,931,"Uber Technologies, Inc.",Data Scientist,Certified,"Palo Alto, California",LCA
22,932,"Uber Technologies, Inc.",Data Scientist,Certified,"Palo Alto, California",LCA
23,933,"Uber Technologies, Inc.",Data Scientist,Certified,"Palo Alto, California",LCA
25,934,"Uber Technologies, Inc.","Manager, Data Scientist",Certified,"San Francsicso, California",LCA
26,935,"Uber Technologies, Inc.",Regional Marketing Data Scientist,In Process,"San Francisco, California",LCA
27,936,"Uber Technologies, Inc.",Senior Data Scientist,In Process,"San Francisco, California",LCA
28,937,"Ubisoft, Inc.","Data Scientist, Marketing Analytics",Certified,"San Francisco, California",LCA
29,938,"Uhana, Inc.",Data Scientist,Certified-withdrawn,"Palo Alto, California",LCA
30,939,"Uhana, Inc.",Data Scientist,Certified-withdrawn,"Palo Alto, California",LCA
31,940,"Uhana, Inc.",Data Scientist,Certified-withdrawn,"Palo Alto, California",LCA
32,941,"Uhana, Inc.",Data Scientist,Certified,"Palo Alto, California",LCA
33,942,"Uhana, Inc.",Data Scientist,Certified,"Palo Alto, California",LCA
34,943,"Uhana, Inc.",Data Scientist,Certified-withdrawn,"Palo Alto, California",LCA
35,944,"Uhana, Inc.",Data Scientist,Certified,"Palo Alto, California",LCA
36,945,"Uhana, Inc.",Data Scientist,Certified,"Palo Alto, California",LCA
37,946,"Univision Interactive Media, Inc.",Data Scientist,Certified,"Sunnyvale, California",LCA
38,947,"Uplift, Inc.",Data Scientist,Certified,"Sunnyvale, California",LCA
39,948,"Upstart Network, Inc.",Data Scientist,Certified,"San Carlos, California",LCA
40,949,"Upstart Network, Inc.",Data Scientist,Certified,"San Carlos, California",LCA
41,950,Upwork Inc.,Senior Data Scientist,Certified,"San Francisco, California",LCA
16,951,"Upwork, Inc.",Data Scientist,Certified,"San Francisco, California",LCA
17,952,"Upwork, Inc.",Data Scientist,Certified,"Mountain View, California",LCA
18,953,"User Testing, Inc.",Data Scientist,Certified,"Mountain View, California",LCA
19,954,"Vaco San Francisco, Llc",Sr. Data Scientist,Certified,"Mountain View, California",LCA
20,955,"Valor Water Analytics, Inc.",Data Scientist,Certified,"San Francisco, California",LCA
21,956,Venturesoft Global Inc,Data Scientist,Certified,"Pleasanton, California",LCA
22,957,"Videoamp, Inc.",Data Scientist,Certified,"Santa Monica, California",LCA
23,958,"Viglink, Inc.",Data Scientist Ii,Certified,"San Francisco, California",LCA
25,959,Visa Technology & Operations Llc,Information Security Specialist-data Scientist,Certified,"Foster City, California",LCA
26,960,Volvo Car Usa Llc,Data Scientist,Certified,"Mountain View, California",LCA
27,961,"Vungle, Inc.",Data Scientist,Certified,"San Francisco, California",LCA
28,962,"Vungle, Inc.",Junior Data Scientist,Certified,"San Francisco, California",LCA
29,963,"Vungle, Inc.",Senior Data Scientist,Certified,"San Francisco, California",LCA
30,964,"Wal-mart Associates, Inc.",Assoicate Data Scientist-isd,Certified,"San Bruno, California",LCA
31,965,"Wal-mart Associates, Inc.",Data Scientist,Certified,"San Bruno, California",LCA
32,966,"Wal-mart Associates, Inc.",Data Scientist,Certified,"San Bruno, California",LCA
33,967,"Wal-mart Associates, Inc.",Data Scientist,Certified,"Sunnyvale, California",LCA
34,968,"Wal-mart Associates, Inc.",Data Scientist,Certified,"Sunnyvale, California",LCA
35,969,"Wal-mart Associates, Inc.",Data Scientist,Certified,"Sunnyvale, California",LCA
36,970,"Wal-mart Associates, Inc.",Data Scientist,In Process,"Sunnyvale, California",LCA
37,971,"Wal-mart Associates, Inc.",Data Scientist - Gec,Certified,"San Bruno, California",LCA
38,972,"Wal-mart Associates, Inc.",Data Scientist- Anti- Fraud,Certified,"Sunnyvale, California",LCA
39,973,"Wal-mart Associates, Inc.",Principal Data Scientist,Certified,"Sunnyvale, California",LCA
40,974,"Wal-mart Associates, Inc.",Principal Data Scientist,Certified,"San Bruno, California",LCA
41,975,"Wal-mart Associates, Inc.",Principal Data Scientist,Certified,"San Bruno, California",LCA
16,976,"Wal-mart Associates, Inc.",Principal Data Scientist - Wec,Certified,"San Bruno, California",LCA
17,977,"Wal-mart Associates, Inc.",Senior Data Scientist,Certified,"Sunnyvale, California",LCA
18,978,"Wal-mart Associates, Inc.",Staff Data Scientist,Certified,"Sunnyvale, California",LCA
19,979,"Wal-mart Associates, Inc.",Staff Data Scientist,Certified,"Sunnyvale, California",LCA
20,980,"Wal-mart Associates, Inc.",Staff Data Scientist,Certified,"Sunnyvale, California",LCA
21,981,"Wal-mart Associates, Inc.",Staff Data Scientist,Certified,"Sunnyvale, California",LCA
22,982,"Wal-mart Associates, Inc.",Staff Data Scientist,Certified,"Sunnyvale, California",LCA
23,983,"Wal-mart Associates, Inc.",Staff Data Scientist-gec,Certified,"San Bruno, California",LCA
25,984,Whatsapp Inc.,Data Scientist,Certified,"Menlo Park, California",LCA
26,985,"Whispertext, Inc.",Data Scientist,Certified,"Venice, California",LCA
27,986,"Whispertext, Inc.",Data Scientist,Certified,"Venice, California",LCA
28,987,"Williams-sonoma, Inc.","Data Scientist, Analytics And Data",Certified,"San Francisco, California",LCA
29,988,"Workday, Inc.",Sr. Associate Data Scientist,Certified,"Pleasanton, California",LCA
30,989,"World Wide Technology Holding Company, Inc.",Big Data Scientist,Certified,"Costa Mesa, California",LCA
31,990,"Worldscape, Inc.",Data Scientist,Certified,"Santa Clara, California",LCA
32,991,"Xad, Inc.",Data Scientist,Certified,"Mountain View, California",LCA
33,992,"Xad, Inc.",Data Scientist,Certified,"Mountain View, California",LCA
34,993,"Xad, Inc.",Data Scientist,Certified,"Mountain View, California",LCA
35,994,"Xad, Inc.",Data Scientist,Certified,"Mountain View, California",LCA
36,995,"Xad, Inc.",Lead Data Scientist,Certified,"Mountain View, California",LCA
37,996,"Xad, Inc.",Senior Data Scientist,Certified,"Mountain View, California",LCA
38,997,"Xchange Leasing, Llc",Data Scientist,Certified,"San Francisco, California",LCA
39,998,"Xchange Leasing, Llc",Data Scientist,Pending Co Decision - Unassigned,"San Francisco, California",LCA
40,999,"Xchange Leasing, Llc",Data Scientist,Certified,"San Francisco, California",LCA
41,1000,"Xchange Leasing, Llc",Data Scientist,Denied,"San Francisco, California",LCA
16,1001,Yelp Inc.,Data Scientist,Certified,"San Francisco, California",LCA
17,1002,"Yewno, Inc.",Data Scientist,Certified,"Redwood City, California",LCA
18,1003,"Yewno, Inc.",Data Scientist,Certified,"Redwood City, California",LCA
19,1004,Yono Health Inc.,Data Scientist,Certified,"Sunnyvale, California",LCA
20,1005,Your Mechanic Inc,Data Scientist,Certified,"Mountain View, California",LCA
21,1006,Your Mechanic Inc,Data Scientist,Certified,"Mountain View, California",LCA
22,1007,"Yume, Inc.",Data Scientist,Certified,"Redwood City, California",LCA
23,1008,"Zebit, Inc.",Data Scientist,Certified,"La Jolla, California",LCA
25,1009,"Zestfinance, Inc.",Data Scientist,Certified,"Los Angeles, California",LCA
26,1010,"Zestfinance, Inc.",Data Scientist,Withdrawn,"Los Angeles, California",LCA
27,1011,"Zestfinance, Inc.",Data Scientist,Certified,"Los Angeles, California",LCA
28,1012,"Zestfinance, Inc.",Data Scientist,Certified,"Los Angeles, California",LCA
29,1013,"Zestfinance, Inc.",Data Scientist,Certified,"Los Angeles, California",LCA
30,1014,"Zestfinance, Inc.",Data Scientist,Certified,"Los Angeles, California",LCA
31,1015,"Zestfinance, Inc.",Data Scientist,Certified,"Los Angeles, California",LCA
32,1016,"Zestfinance, Inc.",Sr. Machine Learning Modeler/data Scientist,Certified,"Los Angeles, California",LCA
33,1017,"Zillow, Inc.",Data Scientist,Certified,"San Francisco, California",LCA
34,1018,"Zillow, Inc.",Data Scientist,Certified,"San Francisco, California",LCA
35,1019,"Zillow, Inc.",Data Scientist,Certified,"San Francisco, California",LCA
36,1020,"Zillow, Inc.",Senior Data Scientist,Certified,"San Francisco, California",LCA
37,1021,"Zingbox, Inc.",Data Scientist,Certified,"Mountain View, California",LCA
38,1022,"Ziprecruiter, Inc.",Data Scientist,Certified,"Santa Monica, California",LCA
39,1023,"Zone 24x7, Inc.",Data Scientist,Certified,"Milpitas, California",LCA
40,1024,"Zugata, Inc.",Data Scientist,Certified,"Palo Alto, California",LCA
41,1025,"Zynga, Inc.","Data Scientist, User Acquisition",Certified,"San Francisco, California",LCA
16,1026,"Zynga, Inc.",Senior Data Scientist,Certified,"San Francisco, California",LCA
